episode,is_optimal,surprise
0,0,0.000000
1,0,0.000000
2,1,0.087041
3,0,0.078337
4,1,0.143858
5,1,0.188126
6,0,0.169314
7,0,0.152382
8,0,0.137144
9,1,0.139728
10,1,0.135114
11,1,0.122650
12,1,0.110385
13,0,0.114000
14,0,0.120238
15,1,0.108214
16,1,0.097392
17,1,0.087653
18,0,0.108084
19,1,0.097276
20,0,0.119915
21,1,0.107923
22,0,0.129774
23,0,0.148182
24,0,0.162132
25,1,0.145919
26,0,0.154193
27,0,0.158520
28,0,0.158751
29,1,0.142876
30,1,0.128589
31,1,0.115730
32,1,0.104157
33,0,0.100804
34,1,0.090723
35,0,0.087800
36,0,0.084404
37,0,0.080065
38,0,0.074436
39,0,0.067248
40,0,0.060523
41,1,0.058611
42,1,0.058736
43,1,0.059863
44,1,0.061147
45,0,0.055032
46,0,0.049529
47,1,0.052277
48,0,0.047050
49,1,0.050479
50,0,0.045431
51,0,0.040888
52,0,0.036799
53,1,0.043263
54,0,0.038937
55,1,0.046460
56,0,0.041814
57,0,0.037632
58,0,0.033869
59,1,0.045065
60,1,0.055752
61,1,0.065285
62,0,0.058757
63,1,0.067127
64,1,0.073911
65,0,0.066520
66,0,0.059868
67,1,0.065331
68,1,0.069570
69,0,0.062613
70,0,0.056352
71,1,0.059696
72,0,0.053726
73,1,0.056641
74,0,0.050976
75,1,0.053471
76,1,0.055139
77,1,0.055661
78,1,0.054814
79,0,0.049332
80,1,0.046508
81,0,0.041857
82,0,0.037672
83,1,0.033904
84,1,0.030514
85,0,0.028519
86,1,0.025667
87,0,0.025421
88,0,0.025533
89,1,0.022979
90,0,0.023555
91,0,0.023961
92,1,0.021565
93,0,0.021628
94,0,0.021246
95,1,0.019121
96,1,0.017209
97,1,0.015488
98,1,0.013940
99,0,0.014443
100,1,0.012999
101,0,0.014469
102,1,0.013023
103,1,0.011720
104,1,0.010548
105,1,0.009493
106,0,0.014818
107,1,0.013337
108,1,0.012003
109,1,0.010803
110,1,0.009722
111,1,0.008750
112,1,0.007875
113,0,0.022155
114,1,0.019940
115,1,0.017946
116,0,0.035506
117,1,0.031955
118,1,0.028760
119,1,0.025884
120,1,0.023295
121,0,0.047932
122,1,0.043139
123,1,0.038825
124,0,0.066232
125,0,0.091689
126,1,0.082520
127,0,0.106658
128,0,0.127950
129,1,0.115155
130,0,0.133908
131,1,0.120518
132,1,0.108466
133,1,0.097619
134,0,0.115557
135,1,0.104001
136,1,0.093601
137,1,0.084241
138,1,0.075817
139,1,0.068235
140,0,0.089402
141,1,0.080462
142,1,0.072416
143,1,0.065174
144,1,0.058657
145,0,0.084371
146,1,0.075934
147,0,0.101210
148,0,0.123880
149,1,0.111492
150,1,0.100343
151,0,0.122004
152,1,0.109803
153,1,0.098823
154,1,0.088941
155,1,0.080047
156,0,0.105035
157,0,0.127672
158,1,0.114905
159,0,0.135650
160,0,0.153328
161,0,0.167610
162,0,0.178342
163,0,0.185528
164,1,0.166976
165,0,0.170798
166,0,0.172189
167,0,0.171244
168,1,0.154120
169,0,0.151329
170,1,0.136196
171,1,0.122577
172,1,0.110319
173,1,0.099287
174,0,0.100489
175,0,0.101858
176,0,0.102989
177,1,0.092690
178,1,0.083421
179,0,0.085965
180,0,0.088003
181,0,0.089222
182,1,0.080300
183,0,0.080770
184,1,0.072693
185,1,0.065424
186,1,0.058881
187,0,0.059826
188,0,0.060365
189,0,0.060274
190,1,0.054247
191,0,0.053528
192,1,0.048175
193,1,0.043358
194,1,0.039022
195,0,0.038909
196,1,0.035018
197,0,0.035358
198,1,0.031822
199,1,0.028640
200,1,0.025776
201,0,0.027956
202,0,0.030154
203,1,0.027139
204,1,0.024425
205,0,0.027488
206,0,0.030315
207,0,0.032643
208,1,0.029379
209,1,0.026441
210,1,0.023797
211,1,0.021417
212,0,0.024782
213,1,0.022304
214,1,0.020074
215,0,0.024668
216,1,0.022201
217,0,0.027249
218,1,0.024524
219,1,0.022072
220,1,0.019865
221,1,0.017878
222,1,0.016090
223,0,0.025454
224,1,0.022909
225,1,0.020618
226,1,0.018556
227,0,0.031321
228,1,0.028189
229,1,0.025370
230,1,0.022833
231,1,0.020550
232,1,0.018495
233,0,0.038431
234,1,0.034588
235,1,0.031129
236,0,0.053355
237,1,0.048019
238,0,0.069596
239,1,0.062637
240,0,0.082350
241,1,0.074115
242,0,0.091247
243,1,0.082122
244,1,0.073910
245,1,0.066519
246,1,0.059867
247,1,0.053880
248,0,0.077427
249,1,0.069684
250,0,0.094219
251,1,0.084797
252,1,0.076318
253,0,0.101562
254,1,0.091406
255,1,0.082265
256,1,0.074039
257,0,0.100516
258,1,0.090464
259,1,0.081418
260,0,0.107299
261,1,0.096569
262,0,0.119595
263,0,0.138344
264,1,0.124509
265,1,0.112058
266,1,0.100853
267,1,0.090767
268,1,0.081691
269,1,0.073522
270,1,0.066169
271,1,0.059552
272,1,0.053597
273,1,0.048237
274,0,0.092159
275,1,0.082943
276,0,0.126480
277,1,0.113832
278,1,0.102449
279,1,0.092204
280,1,0.082983
281,1,0.074685
282,1,0.067217
283,1,0.060495
284,0,0.108923
285,0,0.150558
286,1,0.135502
287,0,0.165298
288,0,0.185846
289,1,0.167261
290,0,0.176213
291,1,0.158592
292,1,0.142732
293,1,0.128459
294,0,0.135158
295,1,0.121642
296,0,0.127337
297,1,0.114603
298,1,0.103143
299,0,0.109827
300,1,0.098845
301,1,0.088960
302,1,0.080064
303,1,0.072058
304,1,0.064852
305,1,0.058367
306,1,0.052530
307,1,0.047277
308,1,0.042549
309,1,0.038294
310,1,0.034465
311,1,0.031018
312,0,0.126474
313,1,0.113827
314,1,0.102444
315,1,0.092200
316,1,0.082980
317,1,0.074682
318,1,0.067214
319,1,0.060492
320,1,0.054443
321,1,0.048999
322,1,0.044099
323,1,0.039689
324,1,0.035720
325,0,0.128153
326,1,0.115338
327,1,0.103804
328,1,0.093423
329,1,0.084081
330,1,0.075673
331,0,0.144601
332,1,0.130141
333,0,0.184062
334,1,0.165655
335,1,0.149090
336,1,0.134181
337,1,0.120763
338,1,0.108686
339,1,0.097818
340,1,0.088036
341,1,0.079232
342,1,0.071309
343,0,0.183369
344,1,0.165032
345,1,0.148529
346,1,0.133676
347,1,0.120308
348,1,0.108277
349,1,0.097450
350,1,0.087705
351,1,0.078934
352,1,0.071041
353,1,0.063937
354,1,0.057543
355,1,0.051789
356,1,0.046610
357,1,0.041949
358,1,0.037754
359,1,0.033979
360,1,0.030581
361,0,0.132358
362,1,0.119122
363,1,0.107210
364,0,0.186704
365,1,0.168033
366,1,0.151230
367,1,0.136107
368,1,0.122496
369,1,0.110247
370,1,0.099222
371,1,0.089300
372,1,0.080370
373,1,0.072333
374,1,0.065099
375,1,0.058590
376,1,0.052731
377,1,0.047458
378,1,0.042712
379,1,0.038441
380,1,0.034597
381,1,0.031137
382,1,0.028023
383,1,0.025221
384,1,0.022699
385,1,0.020429
386,1,0.018386
387,0,0.128098
388,1,0.115288
389,1,0.103759
390,1,0.093384
391,1,0.084045
392,1,0.075641
393,0,0.159817
394,1,0.143835
395,1,0.129452
396,1,0.116507
397,1,0.104856
398,1,0.094370
399,1,0.084933
400,1,0.076440
401,0,0.137950
402,1,0.124155
403,0,0.176123
404,1,0.158511
405,0,0.200139
406,1,0.180125
407,1,0.162112
408,0,0.195167
409,1,0.175650
410,1,0.158085
411,1,0.142277
412,1,0.128049
413,1,0.115244
414,1,0.103720
415,1,0.093348
416,1,0.084013
417,1,0.075612
418,1,0.068051
419,1,0.061245
420,1,0.055121
421,1,0.049609
422,1,0.044648
423,1,0.040183
424,1,0.036165
425,1,0.032548
426,1,0.029294
427,1,0.026364
428,1,0.023728
429,1,0.021355
430,1,0.019219
431,1,0.017298
432,1,0.015568
433,0,0.098169
434,1,0.088352
435,1,0.079517
436,1,0.071565
437,1,0.064409
438,1,0.057968
439,1,0.052171
440,1,0.046954
441,1,0.042258
442,1,0.038033
443,1,0.034229
444,0,0.131535
445,0,0.216208
446,1,0.194587
447,1,0.175129
448,0,0.239454
449,1,0.215508
450,1,0.193958
451,1,0.174562
452,1,0.157106
453,1,0.141395
454,1,0.127256
455,1,0.114530
456,0,0.161878
457,1,0.145691
458,1,0.131121
459,1,0.118009
460,1,0.106208
461,0,0.150282
462,0,0.188874
463,1,0.169986
464,1,0.152988
465,1,0.137689
466,1,0.123920
467,1,0.111528
468,1,0.100375
469,1,0.090338
470,1,0.081304
471,1,0.073174
472,1,0.065856
473,1,0.059271
474,0,0.107458
475,1,0.096713
476,1,0.087041
477,1,0.078337
478,1,0.070503
479,1,0.063453
480,1,0.057108
481,0,0.112528
482,1,0.101275
483,1,0.091147
484,0,0.144716
485,1,0.130245
486,1,0.117220
487,0,0.167512
488,1,0.150761
489,0,0.195866
490,1,0.176280
491,1,0.158652
492,1,0.142787
493,0,0.184425
494,1,0.165983
495,1,0.149384
496,1,0.134446
497,1,0.121001
498,1,0.108901
499,0,0.151281
500,1,0.136153
501,1,0.122537
502,1,0.110284
503,0,0.152089
504,1,0.136880
505,1,0.123192
506,1,0.110873
507,0,0.152195
508,1,0.136975
509,1,0.123278
510,1,0.110950
511,1,0.099855
512,1,0.089870
513,1,0.080883
514,0,0.127063
515,1,0.114357
516,1,0.102921
517,1,0.092629
518,1,0.083366
519,1,0.075030
520,1,0.067527
521,1,0.060774
522,1,0.054697
523,0,0.111429
524,1,0.100286
525,1,0.090257
526,1,0.081231
527,1,0.073108
528,1,0.065797
529,1,0.059218
530,1,0.053296
531,0,0.119011
532,1,0.107110
533,1,0.096399
534,1,0.086759
535,1,0.078083
536,1,0.070275
537,0,0.138443
538,1,0.124598
539,1,0.112138
540,1,0.100925
541,1,0.090832
542,0,0.157012
543,1,0.141311
544,1,0.127180
545,1,0.114462
546,1,0.103016
547,1,0.092714
548,1,0.083443
549,1,0.075098
550,1,0.067589
551,1,0.060830
552,1,0.054747
553,1,0.049272
554,1,0.044345
555,1,0.039910
556,1,0.035919
557,1,0.032327
558,1,0.029095
559,1,0.026185
560,1,0.023567
561,1,0.021210
562,1,0.019089
563,1,0.017180
564,1,0.015462
565,1,0.013916
566,0,0.118818
567,1,0.106936
568,1,0.096243
569,1,0.086618
570,1,0.077957
571,1,0.070161
572,1,0.063145
573,1,0.056830
574,1,0.051147
575,1,0.046033
576,0,0.137546
577,1,0.123791
578,1,0.111412
579,1,0.100271
580,0,0.176953
581,0,0.242080
582,1,0.217872
583,1,0.196085
584,1,0.176476
585,1,0.158829
586,1,0.142946
587,1,0.128651
588,1,0.115786
589,1,0.104207
590,1,0.093787
591,1,0.084408
592,1,0.075967
593,1,0.068370
594,1,0.061533
595,0,0.119232
596,1,0.107309
597,1,0.096578
598,1,0.086920
599,1,0.078228
600,1,0.070405
601,1,0.063365
602,1,0.057028
603,1,0.051325
604,1,0.046193
605,1,0.041574
606,1,0.037416
607,1,0.033675
608,1,0.030307
609,1,0.027276
610,1,0.024549
611,1,0.022094
612,1,0.019885
613,1,0.017896
614,1,0.016106
615,1,0.014496
616,0,0.109246
617,1,0.098321
618,1,0.088489
619,1,0.079640
620,1,0.071676
621,1,0.064509
622,1,0.058058
623,1,0.052252
624,1,0.047027
625,1,0.042324
626,1,0.038092
627,1,0.034282
628,1,0.030854
629,1,0.027769
630,1,0.024992
631,0,0.124465
632,1,0.112019
633,1,0.100817
634,1,0.090735
635,1,0.081662
636,1,0.073495
637,1,0.066146
638,1,0.059531
639,1,0.053578
640,1,0.048220
641,1,0.043398
642,1,0.039058
643,1,0.035153
644,1,0.031637
645,1,0.028474
646,1,0.025626
647,1,0.023064
648,1,0.020757
649,0,0.116949
650,1,0.105254
651,1,0.094729
652,1,0.085256
653,1,0.076730
654,1,0.069057
655,1,0.062151
656,1,0.055936
657,1,0.050343
658,1,0.045308
659,1,0.040778
660,1,0.036700
661,1,0.033030
662,1,0.029727
663,1,0.026754
664,1,0.024079
665,1,0.021671
666,1,0.019504
667,1,0.017553
668,1,0.015798
669,1,0.014218
670,1,0.012796
671,1,0.011517
672,1,0.010365
673,1,0.009329
674,1,0.008396
675,1,0.007556
676,1,0.006801
677,1,0.006120
678,1,0.005508
679,1,0.004958
680,1,0.004462
681,1,0.004016
682,0,0.115325
683,1,0.103793
684,1,0.093413
685,1,0.084072
686,1,0.075665
687,1,0.068098
688,1,0.061289
689,1,0.055160
690,1,0.049644
691,1,0.044679
692,1,0.040211
693,1,0.036190
694,1,0.032571
695,1,0.029314
696,0,0.116992
697,1,0.105293
698,1,0.094763
699,1,0.085287
700,1,0.076758
701,1,0.069082
702,1,0.062174
703,1,0.055957
704,1,0.050361
705,1,0.045325
706,1,0.040792
707,1,0.036713
708,1,0.033042
709,1,0.029738
710,1,0.026764
711,1,0.024088
712,1,0.021679
713,1,0.019511
714,1,0.017560
715,1,0.015804
716,1,0.014223
717,1,0.012801
718,1,0.011521
719,0,0.113680
720,1,0.102312
721,1,0.092080
722,1,0.082872
723,1,0.074585
724,1,0.067127
725,1,0.060414
726,1,0.054373
727,1,0.048935
728,1,0.044042
729,1,0.039638
730,1,0.035674
731,1,0.032106
732,1,0.028896
733,1,0.026006
734,0,0.120443
735,1,0.108399
736,1,0.097559
737,1,0.087803
738,1,0.079023
739,1,0.071120
740,1,0.064008
741,1,0.057607
742,1,0.051847
743,1,0.046662
744,1,0.041996
745,1,0.037796
746,1,0.034017
747,0,0.121740
748,1,0.109566
749,1,0.098609
750,1,0.088748
751,1,0.079874
752,1,0.071886
753,1,0.064698
754,1,0.058228
755,1,0.052405
756,1,0.047165
757,1,0.042448
758,1,0.038203
759,1,0.034383
760,1,0.030945
761,1,0.027850
762,1,0.025065
763,1,0.022559
764,1,0.020303
765,1,0.018273
766,1,0.016445
767,1,0.014801
768,1,0.013321
769,0,0.115866
770,1,0.104279
771,1,0.093851
772,1,0.084466
773,1,0.076020
774,1,0.068418
775,1,0.061576
776,1,0.055418
777,1,0.049876
778,1,0.044889
779,1,0.040400
780,0,0.131144
781,1,0.118030
782,1,0.106227
783,1,0.095604
784,1,0.086044
785,1,0.077439
786,1,0.069695
787,1,0.062726
788,1,0.056453
789,1,0.050808
790,1,0.045727
791,1,0.041154
792,1,0.037039
793,1,0.033335
794,1,0.030002
795,1,0.027001
796,1,0.024301
797,1,0.021871
798,1,0.019684
799,1,0.017716
800,1,0.015944
801,1,0.014350
802,0,0.114669
803,1,0.103202
804,1,0.092882
805,1,0.083594
806,1,0.075234
807,1,0.067711
808,1,0.060940
809,0,0.149146
810,1,0.134232
811,0,0.209644
812,1,0.188680
813,1,0.169812
814,1,0.152831
815,0,0.213226
816,1,0.191903
817,1,0.172713
818,1,0.155442
819,1,0.139898
820,1,0.125908
821,0,0.176995
822,1,0.159296
823,1,0.143366
824,1,0.129030
825,0,0.175373
826,1,0.157836
827,1,0.142052
828,1,0.127847
829,1,0.115062
830,1,0.103556
831,1,0.093200
832,1,0.083880
833,1,0.075492
834,1,0.067943
835,1,0.061149
836,1,0.055034
837,1,0.049530
838,1,0.044577
839,1,0.040120
840,1,0.036108
841,1,0.032497
842,0,0.151814
843,1,0.136632
844,1,0.122969
845,0,0.203638
846,1,0.183274
847,1,0.164946
848,1,0.148452
849,1,0.133607
850,1,0.120246
851,1,0.108221
852,1,0.097399
853,1,0.087659
854,1,0.078893
855,1,0.071004
856,1,0.063904
857,0,0.157944
858,1,0.142149
859,1,0.127934
860,1,0.115141
861,1,0.103627
862,1,0.093264
863,1,0.083938
864,1,0.075544
865,0,0.149880
866,1,0.134892
867,1,0.121403
868,1,0.109263
869,1,0.098336
870,1,0.088503
871,0,0.152699
872,1,0.137429
873,1,0.123686
874,1,0.111317
875,1,0.100186
876,1,0.090167
877,1,0.081150
878,1,0.073035
879,1,0.065732
880,1,0.059159
881,1,0.053243
882,0,0.126787
883,1,0.114108
884,1,0.102697
885,1,0.092427
886,1,0.083185
887,1,0.074866
888,1,0.067380
889,1,0.060642
890,1,0.054577
891,1,0.049120
892,1,0.044208
893,1,0.039787
894,1,0.035808
895,1,0.032227
896,1,0.029005
897,1,0.026104
898,1,0.023494
899,1,0.021144
900,1,0.019030
901,1,0.017127
902,1,0.015414
903,0,0.135409
904,1,0.121868
905,1,0.109681
906,1,0.098713
907,1,0.088842
908,1,0.079958
909,1,0.071962
910,1,0.064766
911,1,0.058289
912,1,0.052460
913,1,0.047214
914,1,0.042493
915,1,0.038243
916,1,0.034419
917,1,0.030977
918,1,0.027880
919,1,0.025092
920,0,0.116567
921,1,0.104910
922,1,0.094419
923,1,0.084977
924,1,0.076479
925,1,0.068831
926,1,0.061948
927,1,0.055753
928,1,0.050178
929,1,0.045160
930,0,0.130983
931,1,0.117885
932,1,0.106097
933,1,0.095487
934,1,0.085938
935,1,0.077344
936,1,0.069610
937,0,0.147182
938,1,0.132464
939,1,0.119217
940,1,0.107296
941,1,0.096566
942,1,0.086909
943,1,0.078218
944,1,0.070397
945,1,0.063357
946,1,0.057021
947,1,0.051319
948,1,0.046187
949,0,0.126850
950,1,0.114165
951,1,0.102748
952,1,0.092474
953,1,0.083226
954,1,0.074904
955,1,0.067413
956,1,0.060672
957,1,0.054605
958,1,0.049144
959,1,0.044230
960,1,0.039807
961,1,0.035826
962,1,0.032244
963,0,0.126409
964,1,0.113769
965,1,0.102392
966,1,0.092153
967,1,0.082937
968,1,0.074644
969,1,0.067179
970,1,0.060461
971,1,0.054415
972,1,0.048974
973,1,0.044076
974,1,0.039669
975,1,0.035702
976,1,0.032132
977,1,0.028918
978,1,0.026027
979,1,0.023424
980,1,0.021082
981,1,0.018973
982,1,0.017076
983,1,0.015368
984,1,0.013832
985,1,0.012448
986,1,0.011204
987,1,0.010083
988,1,0.009075
989,1,0.008167
990,1,0.007351
991,1,0.006616
992,1,0.005954
993,1,0.005359
994,1,0.004823
995,1,0.004341
996,1,0.003906
997,1,0.003516
998,1,0.003164
999,1,0.002848
1000,1,0.002563
1001,1,0.002307
1002,1,0.002076
1003,1,0.001868
1004,1,0.001682
1005,1,0.001513
1006,0,0.111310
1007,1,0.100179
1008,1,0.090161
1009,1,0.081145
1010,1,0.073030
1011,1,0.065727
1012,1,0.059155
1013,0,0.140988
1014,1,0.126889
1015,1,0.114201
1016,1,0.102780
1017,1,0.092502
1018,1,0.083252
1019,1,0.074927
1020,1,0.067434
1021,1,0.060691
1022,1,0.054622
1023,1,0.049160
1024,1,0.044244
1025,1,0.039819
1026,1,0.035837
1027,1,0.032254
1028,1,0.029028
1029,1,0.026125
1030,1,0.023513
1031,1,0.021162
1032,1,0.019045
1033,1,0.017141
1034,1,0.015427
1035,1,0.013884
1036,1,0.012496
1037,1,0.011246
1038,0,0.116815
1039,1,0.105134
1040,1,0.094620
1041,1,0.085158
1042,1,0.076642
1043,1,0.068978
1044,1,0.062080
1045,1,0.055872
1046,1,0.050285
1047,1,0.045257
1048,1,0.040731
1049,0,0.136431
1050,1,0.122788
1051,1,0.110509
1052,1,0.099458
1053,1,0.089512
1054,1,0.080561
1055,1,0.072505
1056,1,0.065255
1057,1,0.058729
1058,1,0.052856
1059,1,0.047571
1060,1,0.042814
1061,1,0.038532
1062,1,0.034679
1063,1,0.031211
1064,1,0.028090
1065,1,0.025281
1066,1,0.022753
1067,1,0.020478
1068,1,0.018430
1069,1,0.016587
1070,0,0.119117
1071,1,0.107205
1072,1,0.096485
1073,1,0.086836
1074,1,0.078153
1075,1,0.070337
1076,0,0.159963
1077,1,0.143967
1078,1,0.129570
1079,1,0.116613
1080,1,0.104952
1081,1,0.094456
1082,1,0.085011
1083,1,0.076510
1084,1,0.068859
1085,1,0.061973
1086,1,0.055776
1087,1,0.050198
1088,1,0.045178
1089,1,0.040660
1090,1,0.036594
1091,1,0.032935
1092,1,0.029641
1093,1,0.026677
1094,1,0.024010
1095,1,0.021609
1096,1,0.019448
1097,1,0.017503
1098,1,0.015753
1099,1,0.014177
1100,1,0.012760
1101,1,0.011484
1102,1,0.010335
1103,1,0.009302
1104,1,0.008372
1105,1,0.007534
1106,1,0.006781
1107,1,0.006103
1108,1,0.005493
1109,1,0.004943
1110,1,0.004449
1111,1,0.004004
1112,1,0.003604
1113,1,0.003243
1114,1,0.002919
1115,1,0.002627
1116,1,0.002364
1117,1,0.002128
1118,1,0.001915
1119,1,0.001724
1120,1,0.001551
1121,1,0.001396
1122,1,0.001257
1123,0,0.115539
1124,1,0.103985
1125,1,0.093587
1126,1,0.084228
1127,1,0.075805
1128,1,0.068225
1129,1,0.061402
1130,1,0.055262
1131,1,0.049736
1132,1,0.044762
1133,1,0.040286
1134,1,0.036257
1135,1,0.032632
1136,1,0.029369
1137,1,0.026432
1138,1,0.023789
1139,1,0.021410
1140,1,0.019269
1141,1,0.017342
1142,1,0.015608
1143,1,0.014047
1144,1,0.012642
1145,1,0.011378
1146,1,0.010240
1147,1,0.009216
1148,1,0.008295
1149,1,0.007465
1150,1,0.006719
1151,1,0.006047
1152,1,0.005442
1153,1,0.004898
1154,1,0.004408
1155,1,0.003967
1156,1,0.003571
1157,1,0.003213
1158,1,0.002892
1159,1,0.002603
1160,1,0.002343
1161,1,0.002108
1162,1,0.001898
1163,1,0.001708
1164,1,0.001537
1165,1,0.001383
1166,1,0.001245
1167,1,0.001120
1168,1,0.001008
1169,1,0.000908
1170,1,0.000817
1171,1,0.000735
1172,1,0.000662
1173,1,0.000595
1174,1,0.000536
1175,1,0.000482
1176,1,0.000434
1177,1,0.000391
1178,1,0.000352
1179,1,0.000316
1180,1,0.000285
1181,1,0.000256
1182,1,0.000231
1183,1,0.000208
1184,1,0.000187
1185,1,0.000168
1186,1,0.000151
1187,1,0.000136
1188,1,0.000123
1189,1,0.000110
1190,1,0.000099
1191,1,0.000089
1192,1,0.000080
1193,1,0.000072
1194,1,0.000065
1195,1,0.000059
1196,1,0.000053
1197,1,0.000047
1198,1,0.000043
1199,1,0.000038
1200,1,0.000035
1201,1,0.000031
1202,1,0.000028
1203,0,0.111991
1204,1,0.100792
1205,1,0.090712
1206,1,0.081641
1207,1,0.073477
1208,1,0.066129
1209,1,0.059516
1210,1,0.053565
1211,1,0.048208
1212,1,0.043387
1213,1,0.039049
1214,1,0.035144
1215,1,0.031629
1216,1,0.028467
1217,1,0.025620
1218,0,0.118826
1219,1,0.106944
1220,1,0.096249
1221,1,0.086625
1222,1,0.077962
1223,1,0.070166
1224,1,0.063149
1225,1,0.056834
1226,1,0.051151
1227,1,0.046036
1228,1,0.041432
1229,1,0.037289
1230,1,0.033560
1231,1,0.030204
1232,1,0.027184
1233,1,0.024465
1234,1,0.022019
1235,1,0.019817
1236,1,0.017835
1237,1,0.016052
1238,1,0.014447
1239,1,0.013002
1240,1,0.011702
1241,1,0.010532
1242,1,0.009478
1243,1,0.008531
1244,1,0.007677
1245,1,0.006910
1246,1,0.006219
1247,1,0.005597
1248,1,0.005037
1249,1,0.004533
1250,1,0.004080
1251,1,0.003672
1252,1,0.003305
1253,1,0.002974
1254,1,0.002677
1255,1,0.002409
1256,1,0.002168
1257,1,0.001952
1258,0,0.118166
1259,1,0.106349
1260,1,0.095714
1261,1,0.086143
1262,1,0.077529
1263,1,0.069776
1264,1,0.062798
1265,1,0.056518
1266,1,0.050866
1267,1,0.045780
1268,1,0.041202
1269,1,0.037082
1270,1,0.033374
1271,1,0.030036
1272,1,0.027033
1273,1,0.024329
1274,1,0.021896
1275,1,0.019707
1276,1,0.017736
1277,1,0.015962
1278,1,0.014366
1279,1,0.012930
1280,1,0.011637
1281,1,0.010473
1282,1,0.009426
1283,1,0.008483
1284,1,0.007635
1285,1,0.006871
1286,1,0.006184
1287,1,0.005566
1288,1,0.005009
1289,1,0.004508
1290,1,0.004057
1291,1,0.003652
1292,1,0.003287
1293,1,0.002958
1294,1,0.002662
1295,1,0.002396
1296,1,0.002156
1297,1,0.001941
1298,1,0.001747
1299,1,0.001572
1300,1,0.001415
1301,1,0.001273
1302,1,0.001146
1303,1,0.001031
1304,1,0.000928
1305,1,0.000835
1306,1,0.000752
1307,1,0.000677
1308,1,0.000609
1309,1,0.000548
1310,1,0.000493
1311,1,0.000444
1312,1,0.000400
1313,1,0.000360
1314,1,0.000324
1315,1,0.000291
1316,1,0.000262
1317,1,0.000236
1318,1,0.000212
1319,1,0.000191
1320,1,0.000172
1321,1,0.000155
1322,1,0.000139
1323,1,0.000125
1324,1,0.000113
1325,1,0.000102
1326,1,0.000091
1327,1,0.000082
1328,1,0.000074
1329,1,0.000067
1330,1,0.000060
1331,1,0.000054
1332,1,0.000049
1333,1,0.000044
1334,1,0.000039
1335,1,0.000035
1336,1,0.000032
1337,1,0.000029
1338,1,0.000026
1339,1,0.000023
1340,1,0.000021
1341,1,0.000019
1342,1,0.000017
1343,1,0.000015
1344,0,0.114104
1345,1,0.102694
1346,1,0.092425
1347,1,0.083182
1348,0,0.175266
1349,1,0.157740
1350,1,0.141966
1351,1,0.127769
1352,1,0.114992
1353,1,0.103493
1354,1,0.093144
1355,1,0.083829
1356,1,0.075446
1357,1,0.067902
1358,1,0.061112
1359,1,0.055000
1360,1,0.049500
1361,0,0.127345
1362,1,0.114610
1363,1,0.103149
1364,1,0.092834
1365,1,0.083551
1366,1,0.075196
1367,1,0.067676
1368,1,0.060909
1369,1,0.054818
1370,1,0.049336
1371,1,0.044402
1372,1,0.039962
1373,0,0.126787
1374,1,0.114109
1375,1,0.102698
1376,1,0.092428
1377,1,0.083185
1378,1,0.074867
1379,1,0.067380
1380,0,0.152566
1381,1,0.137309
1382,1,0.123578
1383,1,0.111221
1384,1,0.100099
1385,1,0.090089
1386,1,0.081080
1387,1,0.072972
1388,1,0.065675
1389,1,0.059107
1390,1,0.053196
1391,1,0.047877
1392,1,0.043089
1393,1,0.038780
1394,1,0.034902
1395,1,0.031412
1396,1,0.028271
1397,1,0.025444
1398,1,0.022899
1399,1,0.020609
1400,1,0.018548
1401,1,0.016694
1402,1,0.015024
1403,1,0.013522
1404,1,0.012170
1405,1,0.010953
1406,1,0.009857
1407,1,0.008872
1408,1,0.007985
1409,1,0.007186
1410,1,0.006467
1411,1,0.005821
1412,1,0.005239
1413,1,0.004715
1414,1,0.004243
1415,1,0.003819
1416,1,0.003437
1417,1,0.003093
1418,1,0.002784
1419,1,0.002506
1420,1,0.002255
1421,1,0.002030
1422,1,0.001827
1423,1,0.001644
1424,1,0.001480
1425,1,0.001332
1426,1,0.001198
1427,1,0.001079
1428,1,0.000971
1429,1,0.000874
1430,1,0.000786
1431,1,0.000708
1432,1,0.000637
1433,1,0.000573
1434,1,0.000516
1435,1,0.000464
1436,0,0.115529
1437,1,0.103976
1438,1,0.093578
1439,1,0.084220
1440,1,0.075798
1441,1,0.068219
1442,1,0.061397
1443,1,0.055257
1444,1,0.049731
1445,1,0.044758
1446,1,0.040282
1447,1,0.036254
1448,1,0.032629
1449,1,0.029366
1450,1,0.026429
1451,1,0.023786
1452,1,0.021408
1453,1,0.019267
1454,1,0.017340
1455,1,0.015606
1456,0,0.118021
1457,0,0.208465
1458,0,0.285837
1459,1,0.257254
1460,1,0.231528
1461,1,0.208375
1462,1,0.187538
1463,1,0.168784
1464,1,0.151906
1465,1,0.136715
1466,1,0.123044
1467,1,0.110739
1468,1,0.099665
1469,1,0.089699
1470,1,0.080729
1471,1,0.072656
1472,1,0.065390
1473,1,0.058851
1474,1,0.052966
1475,1,0.047670
1476,1,0.042903
1477,1,0.038612
1478,1,0.034751
1479,1,0.031276
1480,1,0.028148
1481,1,0.025334
1482,1,0.022800
1483,1,0.020520
1484,1,0.018468
1485,1,0.016621
1486,1,0.014959
1487,1,0.013463
1488,1,0.012117
1489,1,0.010905
1490,1,0.009815
1491,1,0.008833
1492,1,0.007950
1493,1,0.007155
1494,1,0.006439
1495,1,0.005796
1496,1,0.005216
1497,1,0.004694
1498,1,0.004225
1499,1,0.003802
1500,1,0.003422
1501,1,0.003080
1502,1,0.002772
1503,1,0.002495
1504,1,0.002245
1505,1,0.002021
1506,1,0.001819
1507,1,0.001637
1508,0,0.125073
1509,1,0.112565
1510,1,0.101309
1511,1,0.091178
1512,1,0.082060
1513,1,0.073854
1514,1,0.066469
1515,1,0.059822
1516,1,0.053840
1517,1,0.048456
1518,0,0.149201
1519,1,0.134281
1520,1,0.120853
1521,1,0.108768
1522,1,0.097891
1523,1,0.088102
1524,1,0.079292
1525,1,0.071363
1526,1,0.064226
1527,1,0.057804
1528,1,0.052023
1529,1,0.046821
1530,1,0.042139
1531,1,0.037925
1532,1,0.034133
1533,1,0.030719
1534,1,0.027647
1535,1,0.024883
1536,1,0.022394
1537,0,0.120766
1538,1,0.108689
1539,1,0.097820
1540,1,0.088038
1541,1,0.079234
1542,1,0.071311
1543,1,0.064180
1544,1,0.057762
1545,1,0.051986
1546,1,0.046787
1547,1,0.042108
1548,1,0.037898
1549,1,0.034108
1550,1,0.030697
1551,1,0.027627
1552,1,0.024865
1553,1,0.022378
1554,1,0.020140
1555,1,0.018126
1556,1,0.016314
1557,1,0.014682
1558,1,0.013214
1559,1,0.011893
1560,1,0.010703
1561,1,0.009633
1562,1,0.008670
1563,1,0.007803
1564,1,0.007022
1565,1,0.006320
1566,1,0.005688
1567,1,0.005119
1568,1,0.004607
1569,1,0.004147
1570,1,0.003732
1571,1,0.003359
1572,1,0.003023
1573,1,0.002721
1574,1,0.002449
1575,1,0.002204
1576,1,0.001983
1577,1,0.001785
1578,1,0.001607
1579,1,0.001446
1580,1,0.001301
1581,0,0.122247
1582,1,0.110022
1583,1,0.099020
1584,1,0.089118
1585,1,0.080206
1586,1,0.072186
1587,1,0.064967
1588,1,0.058470
1589,1,0.052623
1590,0,0.152238
1591,1,0.137014
1592,1,0.123313
1593,1,0.110981
1594,1,0.099883
1595,1,0.089895
1596,1,0.080905
1597,1,0.072815
1598,1,0.065533
1599,1,0.058980
1600,1,0.053082
1601,1,0.047774
1602,1,0.042996
1603,1,0.038697
1604,1,0.034827
1605,1,0.031344
1606,1,0.028210
1607,1,0.025389
1608,1,0.022850
1609,1,0.020565
1610,1,0.018509
1611,1,0.016658
1612,1,0.014992
1613,1,0.013493
1614,1,0.012143
1615,1,0.010929
1616,1,0.009836
1617,1,0.008853
1618,1,0.007967
1619,1,0.007171
1620,1,0.006454
1621,1,0.005808
1622,1,0.005227
1623,1,0.004705
1624,1,0.004234
1625,1,0.003811
1626,1,0.003430
1627,1,0.003087
1628,1,0.002778
1629,1,0.002500
1630,0,0.123576
1631,1,0.111218
1632,1,0.100096
1633,1,0.090087
1634,1,0.081078
1635,1,0.072970
1636,1,0.065673
1637,1,0.059106
1638,1,0.053195
1639,1,0.047876
1640,1,0.043088
1641,1,0.038779
1642,1,0.034901
1643,1,0.031411
1644,1,0.028270
1645,1,0.025443
1646,1,0.022899
1647,1,0.020609
1648,1,0.018548
1649,1,0.016693
1650,1,0.015024
1651,1,0.013522
1652,1,0.012169
1653,1,0.010952
1654,1,0.009857
1655,1,0.008871
1656,1,0.007984
1657,1,0.007186
1658,1,0.006467
1659,1,0.005821
1660,0,0.120976
1661,1,0.108878
1662,1,0.097991
1663,1,0.088192
1664,1,0.079372
1665,1,0.071435
1666,1,0.064292
1667,1,0.057862
1668,1,0.052076
1669,1,0.046869
1670,1,0.042182
1671,1,0.037964
1672,1,0.034167
1673,1,0.030750
1674,1,0.027675
1675,1,0.024908
1676,1,0.022417
1677,1,0.020175
1678,1,0.018158
1679,1,0.016342
1680,1,0.014708
1681,1,0.013237
1682,1,0.011913
1683,1,0.010722
1684,1,0.009650
1685,1,0.008685
1686,1,0.007816
1687,1,0.007035
1688,1,0.006331
1689,1,0.005698
1690,1,0.005128
1691,1,0.004615
1692,1,0.004154
1693,1,0.003739
1694,1,0.003365
1695,1,0.003028
1696,1,0.002725
1697,1,0.002453
1698,1,0.002208
1699,1,0.001987
1700,1,0.001788
1701,1,0.001609
1702,1,0.001448
1703,1,0.001304
1704,1,0.001173
1705,1,0.001056
1706,1,0.000950
1707,1,0.000855
1708,1,0.000770
1709,1,0.000693
1710,1,0.000623
1711,1,0.000561
1712,1,0.000505
1713,1,0.000455
1714,1,0.000409
1715,1,0.000368
1716,1,0.000331
1717,1,0.000298
1718,1,0.000268
1719,1,0.000242
1720,1,0.000217
1721,0,0.119439
1722,0,0.223682
1723,1,0.201314
1724,1,0.181183
1725,1,0.163064
1726,1,0.146758
1727,1,0.132082
1728,1,0.118874
1729,1,0.106986
1730,1,0.096288
1731,1,0.086659
1732,1,0.077993
1733,1,0.070194
1734,1,0.063174
1735,1,0.056857
1736,1,0.051171
1737,1,0.046054
1738,1,0.041449
1739,1,0.037304
1740,1,0.033573
1741,1,0.030216
1742,1,0.027195
1743,1,0.024475
1744,1,0.022028
1745,1,0.019825
1746,1,0.017842
1747,1,0.016058
1748,1,0.014452
1749,1,0.013007
1750,1,0.011706
1751,1,0.010536
1752,1,0.009482
1753,1,0.008534
1754,1,0.007681
1755,1,0.006912
1756,1,0.006221
1757,1,0.005599
1758,1,0.005039
1759,1,0.004535
1760,1,0.004082
1761,1,0.003674
1762,1,0.003306
1763,1,0.002976
1764,1,0.002678
1765,1,0.002410
1766,1,0.002169
1767,1,0.001952
1768,1,0.001757
1769,1,0.001581
1770,1,0.001423
1771,1,0.001281
1772,1,0.001153
1773,1,0.001038
1774,1,0.000934
1775,1,0.000840
1776,1,0.000756
1777,1,0.000681
1778,1,0.000613
1779,1,0.000551
1780,1,0.000496
1781,1,0.000447
1782,1,0.000402
1783,1,0.000362
1784,1,0.000326
1785,1,0.000293
1786,1,0.000264
1787,1,0.000237
1788,1,0.000214
1789,0,0.120577
1790,1,0.108519
1791,1,0.097667
1792,1,0.087900
1793,1,0.079110
1794,1,0.071199
1795,1,0.064079
1796,1,0.057671
1797,1,0.051904
1798,1,0.046714
1799,1,0.042042
1800,1,0.037838
1801,0,0.139112
1802,1,0.125200
1803,1,0.112680
1804,1,0.101412
1805,1,0.091271
1806,0,0.180696
1807,1,0.162627
1808,1,0.146364
1809,1,0.131728
1810,1,0.118555
1811,1,0.106699
1812,1,0.096029
1813,1,0.086427
1814,1,0.077784
1815,1,0.070005
1816,1,0.063005
1817,1,0.056704
1818,1,0.051034
1819,1,0.045931
1820,1,0.041338
1821,1,0.037204
1822,1,0.033483
1823,1,0.030135
1824,1,0.027122
1825,1,0.024409
1826,1,0.021968
1827,1,0.019772
1828,1,0.017794
1829,1,0.016015
1830,1,0.014414
1831,1,0.012972
1832,1,0.011675
1833,1,0.010507
1834,1,0.009457
1835,1,0.008511
1836,1,0.007660
1837,1,0.006894
1838,1,0.006205
1839,1,0.005584
1840,1,0.005026
1841,1,0.004523
1842,1,0.004071
1843,1,0.003664
1844,1,0.003297
1845,1,0.002968
1846,1,0.002671
1847,1,0.002404
1848,1,0.002163
1849,1,0.001947
1850,1,0.001752
1851,1,0.001577
1852,1,0.001419
1853,1,0.001277
1854,1,0.001150
1855,1,0.001035
1856,1,0.000931
1857,1,0.000838
1858,1,0.000754
1859,1,0.000679
1860,1,0.000611
1861,1,0.000550
1862,0,0.124272
1863,1,0.111845
1864,1,0.100660
1865,0,0.206769
1866,1,0.186092
1867,1,0.167483
1868,1,0.150734
1869,1,0.135661
1870,1,0.122095
1871,1,0.109885
1872,1,0.098897
1873,1,0.089007
1874,1,0.080106
1875,1,0.072096
1876,1,0.064886
1877,1,0.058398
1878,1,0.052558
1879,1,0.047302
1880,1,0.042572
1881,1,0.038315
1882,0,0.132769
1883,1,0.119492
1884,1,0.107543
1885,1,0.096789
1886,1,0.087110
1887,1,0.078399
1888,1,0.070559
1889,1,0.063503
1890,1,0.057153
1891,1,0.051438
1892,1,0.046294
1893,1,0.041664
1894,1,0.037498
1895,1,0.033748
1896,1,0.030373
1897,1,0.027336
1898,1,0.024602
1899,1,0.022142
1900,1,0.019928
1901,1,0.017935
1902,1,0.016142
1903,1,0.014527
1904,1,0.013075
1905,1,0.011767
1906,1,0.010591
1907,1,0.009531
1908,1,0.008578
1909,1,0.007721
1910,1,0.006948
1911,1,0.006254
1912,1,0.005628
1913,1,0.005065
1914,1,0.004559
1915,1,0.004103
1916,1,0.003693
1917,1,0.003323
1918,1,0.002991
1919,1,0.002692
1920,1,0.002423
1921,1,0.002180
1922,1,0.001962
1923,1,0.001766
1924,1,0.001590
1925,1,0.001431
1926,1,0.001288
1927,1,0.001159
1928,1,0.001043
1929,1,0.000939
1930,1,0.000845
1931,1,0.000760
1932,1,0.000684
1933,1,0.000616
1934,0,0.123136
1935,1,0.110823
1936,1,0.099740
1937,1,0.089766
1938,1,0.080790
1939,1,0.072711
1940,1,0.065440
1941,1,0.058896
1942,1,0.053006
1943,1,0.047705
1944,1,0.042935
1945,1,0.038641
1946,1,0.034777
1947,1,0.031300
1948,1,0.028170
1949,1,0.025353
1950,1,0.022817
1951,1,0.020536
1952,1,0.018482
1953,1,0.016634
1954,1,0.014970
1955,1,0.013473
1956,1,0.012126
1957,1,0.010913
1958,1,0.009822
1959,1,0.008840
1960,1,0.007956
1961,1,0.007160
1962,1,0.006444
1963,1,0.005800
1964,1,0.005220
1965,1,0.004698
1966,1,0.004228
1967,1,0.003805
1968,1,0.003425
1969,1,0.003082
1970,1,0.002774
1971,1,0.002497
1972,1,0.002247
1973,1,0.002022
1974,1,0.001820
1975,1,0.001638
1976,1,0.001474
1977,1,0.001327
1978,1,0.001194
1979,1,0.001075
1980,1,0.000967
1981,1,0.000871
1982,1,0.000783
1983,1,0.000705
1984,1,0.000635
1985,1,0.000571
1986,1,0.000514
1987,1,0.000463
1988,1,0.000416
1989,1,0.000375
1990,0,0.120850
1991,1,0.108765
1992,1,0.097889
1993,1,0.088100
1994,1,0.079290
1995,1,0.071361
1996,1,0.064225
1997,1,0.057802
1998,1,0.052022
1999,1,0.046820
2000,0,0.146286
2001,0,0.233570
2002,0,0.308403
2003,0,0.371067
2004,0,0.422266
2005,0,0.462982
2006,0,0.494333
2007,0,0.517468
2008,0,0.533337
2009,0,0.542580
2010,0,0.545183
2011,0,0.540368
2012,0,0.526205
2013,0,0.501228
2014,0,0.463602
2015,0,0.417242
2016,0,0.375518
2017,0,0.337966
2018,0,0.304169
2019,0,0.273752
2020,0,0.246377
2021,0,0.221739
2022,0,0.199566
2023,0,0.179609
2024,0,0.161648
2025,0,0.145483
2026,0,0.130935
2027,0,0.117841
2028,0,0.106057
2029,0,0.095452
2030,0,0.085906
2031,0,0.077316
2032,0,0.069584
2033,0,0.062626
2034,0,0.056363
2035,0,0.050727
2036,0,0.045654
2037,0,0.041089
2038,0,0.036980
2039,0,0.033282
2040,0,0.029954
2041,0,0.026958
2042,0,0.024263
2043,0,0.021836
2044,0,0.019653
2045,0,0.017687
2046,0,0.015919
2047,0,0.014327
2048,0,0.012894
2049,0,0.011605
2050,0,0.010444
2051,0,0.009400
2052,0,0.008460
2053,0,0.007614
2054,0,0.006852
2055,0,0.006167
2056,0,0.005550
2057,0,0.004995
2058,0,0.004496
2059,0,0.004046
2060,0,0.003642
2061,1,0.124157
2062,0,0.111741
2063,0,0.100567
2064,0,0.090510
2065,0,0.081459
2066,0,0.073313
2067,0,0.065982
2068,0,0.059384
2069,0,0.053445
2070,0,0.048101
2071,0,0.043291
2072,0,0.038962
2073,0,0.035066
2074,0,0.031559
2075,0,0.028403
2076,0,0.025563
2077,0,0.023006
2078,0,0.020706
2079,0,0.018635
2080,0,0.016772
2081,0,0.015095
2082,0,0.013585
2083,0,0.012227
2084,0,0.011004
2085,0,0.009904
2086,0,0.008913
2087,1,0.141483
2088,0,0.127335
2089,0,0.114602
2090,0,0.103141
2091,0,0.092827
2092,0,0.083545
2093,0,0.075190
2094,0,0.067671
2095,0,0.060904
2096,0,0.054814
2097,0,0.049332
2098,0,0.044399
2099,0,0.039959
2100,0,0.035963
2101,0,0.032367
2102,0,0.029130
2103,0,0.026217
2104,0,0.023595
2105,0,0.021236
2106,0,0.019112
2107,0,0.017201
2108,0,0.015481
2109,0,0.013933
2110,0,0.012540
2111,0,0.011286
2112,0,0.010157
2113,0,0.009141
2114,0,0.008227
2115,0,0.007404
2116,0,0.006664
2117,0,0.005998
2118,0,0.005398
2119,0,0.004858
2120,0,0.004372
2121,0,0.003935
2122,0,0.003542
2123,0,0.003187
2124,0,0.002869
2125,0,0.002582
2126,0,0.002324
2127,0,0.002091
2128,0,0.001882
2129,0,0.001694
2130,0,0.001525
2131,0,0.001372
2132,0,0.001235
2133,0,0.001111
2134,0,0.001000
2135,0,0.000900
2136,0,0.000810
2137,0,0.000729
2138,0,0.000656
2139,1,0.121879
2140,1,0.225205
2141,0,0.202684
2142,0,0.182416
2143,0,0.164174
2144,0,0.147757
2145,0,0.132981
2146,0,0.119683
2147,0,0.107715
2148,0,0.096943
2149,1,0.164653
2150,0,0.148187
2151,0,0.133369
2152,0,0.120032
2153,0,0.108029
2154,0,0.097226
2155,0,0.087503
2156,0,0.078753
2157,0,0.070878
2158,0,0.063790
2159,0,0.057411
2160,0,0.051670
2161,0,0.046503
2162,0,0.041853
2163,0,0.037667
2164,0,0.033901
2165,0,0.030510
2166,0,0.027459
2167,0,0.024713
2168,0,0.022242
2169,0,0.020018
2170,0,0.018016
2171,0,0.016215
2172,0,0.014593
2173,0,0.013134
2174,0,0.011820
2175,0,0.010638
2176,0,0.009575
2177,0,0.008617
2178,0,0.007755
2179,0,0.006980
2180,0,0.006282
2181,0,0.005654
2182,0,0.005088
2183,0,0.004579
2184,0,0.004122
2185,0,0.003709
2186,0,0.003338
2187,0,0.003005
2188,0,0.002704
2189,0,0.002434
2190,0,0.002190
2191,1,0.123423
2192,0,0.111080
2193,0,0.099972
2194,0,0.089975
2195,0,0.080978
2196,0,0.072880
2197,0,0.065592
2198,0,0.059033
2199,1,0.150830
2200,0,0.135747
2201,0,0.122172
2202,0,0.109955
2203,0,0.098959
2204,0,0.089064
2205,0,0.080157
2206,0,0.072141
2207,0,0.064927
2208,0,0.058435
2209,0,0.052591
2210,0,0.047332
2211,0,0.042599
2212,0,0.038339
2213,0,0.034505
2214,0,0.031055
2215,0,0.027949
2216,0,0.025154
2217,0,0.022639
2218,0,0.020375
2219,0,0.018337
2220,0,0.016504
2221,0,0.014853
2222,0,0.013368
2223,0,0.012031
2224,0,0.010828
2225,0,0.009745
2226,0,0.008771
2227,0,0.007894
2228,1,0.143275
2229,0,0.128947
2230,0,0.116053
2231,0,0.104447
2232,1,0.212917
2233,0,0.191626
2234,0,0.172463
2235,0,0.155217
2236,0,0.139695
2237,0,0.125725
2238,0,0.113153
2239,0,0.101838
2240,0,0.091654
2241,0,0.082488
2242,0,0.074240
2243,0,0.066816
2244,0,0.060134
2245,0,0.054121
2246,0,0.048709
2247,0,0.043838
2248,0,0.039454
2249,0,0.035509
2250,0,0.031958
2251,0,0.028762
2252,0,0.025886
2253,0,0.023297
2254,0,0.020967
2255,0,0.018871
2256,0,0.016984
2257,0,0.015285
2258,0,0.013757
2259,0,0.012381
2260,0,0.011143
2261,0,0.010029
2262,0,0.009026
2263,0,0.008123
2264,0,0.007311
2265,0,0.006580
2266,0,0.005922
2267,0,0.005330
2268,0,0.004797
2269,0,0.004317
2270,1,0.138510
2271,0,0.124659
2272,0,0.112193
2273,0,0.100974
2274,0,0.090876
2275,0,0.081789
2276,0,0.073610
2277,0,0.066249
2278,0,0.059624
2279,0,0.053662
2280,0,0.048295
2281,1,0.149860
2282,0,0.134874
2283,0,0.121387
2284,0,0.109248
2285,0,0.098323
2286,0,0.088491
2287,0,0.079642
2288,0,0.071678
2289,0,0.064510
2290,0,0.058059
2291,0,0.052253
2292,0,0.047028
2293,0,0.042325
2294,0,0.038092
2295,0,0.034283
2296,0,0.030855
2297,0,0.027769
2298,0,0.024992
2299,0,0.022493
2300,0,0.020244
2301,0,0.018220
2302,0,0.016398
2303,0,0.014758
2304,0,0.013282
2305,0,0.011954
2306,0,0.010758
2307,0,0.009683
2308,0,0.008714
2309,0,0.007843
2310,0,0.007059
2311,0,0.006353
2312,0,0.005717
2313,0,0.005146
2314,0,0.004631
2315,0,0.004168
2316,0,0.003751
2317,0,0.003376
2318,0,0.003039
2319,0,0.002735
2320,0,0.002461
2321,0,0.002215
2322,1,0.132272
2323,0,0.119045
2324,1,0.228382
2325,0,0.205544
2326,0,0.184989
2327,0,0.166490
2328,0,0.149841
2329,0,0.134857
2330,0,0.121372
2331,0,0.109234
2332,0,0.098311
2333,0,0.088480
2334,0,0.079632
2335,0,0.071669
2336,0,0.064502
2337,0,0.058052
2338,0,0.052246
2339,0,0.047022
2340,0,0.042320
2341,0,0.038088
2342,0,0.034279
2343,0,0.030851
2344,0,0.027766
2345,0,0.024989
2346,0,0.022490
2347,0,0.020241
2348,0,0.018217
2349,0,0.016395
2350,0,0.014756
2351,0,0.013280
2352,0,0.011952
2353,0,0.010757
2354,0,0.009681
2355,0,0.008713
2356,0,0.007842
2357,0,0.007058
2358,1,0.140348
2359,0,0.126313
2360,1,0.241362
2361,0,0.217225
2362,1,0.311530
2363,0,0.280377
2364,0,0.252339
2365,0,0.227105
2366,0,0.204395
2367,1,0.272753
2368,0,0.245477
2369,0,0.220930
2370,0,0.198837
2371,0,0.178953
2372,0,0.161058
2373,0,0.144952
2374,0,0.130457
2375,0,0.117411
2376,0,0.105670
2377,0,0.095103
2378,0,0.085593
2379,0,0.077033
2380,0,0.069330
2381,0,0.062397
2382,0,0.056157
2383,0,0.050542
2384,0,0.045487
2385,0,0.040939
2386,0,0.036845
2387,0,0.033160
2388,0,0.029844
2389,0,0.026860
2390,0,0.024174
2391,0,0.021757
2392,0,0.019581
2393,0,0.017623
2394,0,0.015860
2395,0,0.014274
2396,0,0.012847
2397,0,0.011562
2398,0,0.010406
2399,0,0.009365
2400,0,0.008429
2401,0,0.007586
2402,0,0.006827
2403,0,0.006145
2404,0,0.005530
2405,0,0.004977
2406,0,0.004479
2407,0,0.004032
2408,0,0.003628
2409,0,0.003266
2410,1,0.140676
2411,0,0.126609
2412,0,0.113948
2413,0,0.102553
2414,0,0.092298
2415,0,0.083068
2416,0,0.074761
2417,0,0.067285
2418,0,0.060557
2419,0,0.054501
2420,0,0.049051
2421,0,0.044146
2422,0,0.039731
2423,0,0.035758
2424,0,0.032182
2425,0,0.028964
2426,0,0.026068
2427,0,0.023461
2428,0,0.021115
2429,0,0.019003
2430,1,0.132588
2431,0,0.119329
2432,0,0.107396
2433,0,0.096657
2434,0,0.086991
2435,1,0.187418
2436,0,0.168677
2437,0,0.151809
2438,0,0.136628
2439,0,0.122965
2440,0,0.110669
2441,0,0.099602
2442,0,0.089642
2443,0,0.080677
2444,0,0.072610
2445,0,0.065349
2446,0,0.058814
2447,0,0.052932
2448,0,0.047639
2449,0,0.042875
2450,0,0.038588
2451,0,0.034729
2452,0,0.031256
2453,0,0.028130
2454,0,0.025317
2455,0,0.022786
2456,0,0.020507
2457,0,0.018456
2458,0,0.016611
2459,0,0.014950
2460,0,0.013455
2461,0,0.012109
2462,0,0.010898
2463,0,0.009808
2464,0,0.008828
2465,0,0.007945
2466,0,0.007150
2467,0,0.006435
2468,0,0.005792
2469,0,0.005213
2470,0,0.004691
2471,0,0.004222
2472,0,0.003800
2473,0,0.003420
2474,1,0.136959
2475,0,0.123263
2476,0,0.110937
2477,1,0.224165
2478,0,0.201749
2479,0,0.181574
2480,0,0.163416
2481,0,0.147075
2482,0,0.132367
2483,0,0.119131
2484,0,0.107217
2485,0,0.096496
2486,0,0.086846
2487,0,0.078162
2488,0,0.070345
2489,0,0.063311
2490,0,0.056980
2491,0,0.051282
2492,0,0.046154
2493,0,0.041538
2494,0,0.037384
2495,0,0.033646
2496,0,0.030281
2497,1,0.135772
2498,0,0.122195
2499,0,0.109975
2500,0,0.098978
2501,0,0.089080
2502,0,0.080172
2503,0,0.072155
2504,1,0.173235
2505,0,0.155912
2506,0,0.140321
2507,1,0.230490
2508,0,0.207441
2509,0,0.186697
2510,0,0.168027
2511,0,0.151225
2512,0,0.136102
2513,0,0.122492
2514,0,0.110243
2515,0,0.099218
2516,0,0.089297
2517,0,0.080367
2518,0,0.072330
2519,1,0.163186
2520,0,0.146867
2521,0,0.132180
2522,0,0.118962
2523,0,0.107066
2524,0,0.096360
2525,0,0.086724
2526,0,0.078051
2527,0,0.070246
2528,0,0.063222
2529,0,0.056899
2530,1,0.156234
2531,0,0.140610
2532,0,0.126549
2533,0,0.113894
2534,0,0.102505
2535,0,0.092254
2536,0,0.083029
2537,0,0.074726
2538,0,0.067253
2539,0,0.060528
2540,0,0.054475
2541,0,0.049028
2542,0,0.044125
2543,0,0.039713
2544,1,0.151070
2545,1,0.250139
2546,0,0.225125
2547,0,0.202612
2548,0,0.182351
2549,0,0.164116
2550,0,0.147704
2551,0,0.132934
2552,0,0.119641
2553,0,0.107677
2554,1,0.197842
2555,0,0.178057
2556,0,0.160252
2557,0,0.144227
2558,0,0.129804
2559,0,0.116824
2560,1,0.201251
2561,0,0.181126
2562,0,0.163013
2563,0,0.146712
2564,0,0.132041
2565,0,0.118837
2566,0,0.106953
2567,0,0.096258
2568,0,0.086632
2569,0,0.077969
2570,0,0.070172
2571,0,0.063155
2572,0,0.056839
2573,0,0.051155
2574,0,0.046040
2575,0,0.041436
2576,1,0.145010
2577,0,0.130509
2578,0,0.117458
2579,0,0.105713
2580,0,0.095141
2581,0,0.085627
2582,0,0.077064
2583,0,0.069358
2584,0,0.062422
2585,0,0.056180
2586,0,0.050562
2587,0,0.045506
2588,0,0.040955
2589,1,0.154505
2590,0,0.139054
2591,0,0.125149
2592,0,0.112634
2593,0,0.101371
2594,0,0.091233
2595,0,0.082110
2596,0,0.073899
2597,0,0.066509
2598,0,0.059858
2599,0,0.053872
2600,0,0.048485
2601,0,0.043637
2602,0,0.039273
2603,0,0.035346
2604,0,0.031811
2605,1,0.149001
2606,0,0.134101
2607,1,0.238012
2608,1,0.327937
2609,0,0.295143
2610,0,0.265629
2611,0,0.239066
2612,0,0.215160
2613,0,0.193644
2614,0,0.174279
2615,0,0.156851
2616,0,0.141166
2617,0,0.127050
2618,0,0.114345
2619,0,0.102910
2620,0,0.092619
2621,0,0.083357
2622,0,0.075022
2623,0,0.067519
2624,0,0.060767
2625,0,0.054691
2626,0,0.049222
2627,0,0.044299
2628,0,0.039870
2629,0,0.035883
2630,0,0.032294
2631,0,0.029065
2632,0,0.026158
2633,0,0.023543
2634,0,0.021188
2635,0,0.019069
2636,0,0.017163
2637,1,0.137164
2638,0,0.123448
2639,0,0.111103
2640,0,0.099992
2641,0,0.089993
2642,0,0.080994
2643,0,0.072895
2644,0,0.065605
2645,0,0.059045
2646,1,0.173675
2647,0,0.156308
2648,0,0.140677
2649,0,0.126609
2650,0,0.113948
2651,0,0.102553
2652,0,0.092298
2653,0,0.083068
2654,0,0.074761
2655,0,0.067285
2656,0,0.060557
2657,0,0.054501
2658,0,0.049051
2659,0,0.044146
2660,1,0.154634
2661,0,0.139170
2662,0,0.125253
2663,0,0.112728
2664,0,0.101455
2665,1,0.201623
2666,0,0.181460
2667,0,0.163314
2668,0,0.146983
2669,0,0.132285
2670,0,0.119056
2671,0,0.107151
2672,0,0.096435
2673,0,0.086792
2674,0,0.078113
2675,0,0.070301
2676,0,0.063271
2677,0,0.056944
2678,0,0.051250
2679,0,0.046125
2680,0,0.041512
2681,0,0.037361
2682,0,0.033625
2683,0,0.030262
2684,0,0.027236
2685,0,0.024513
2686,0,0.022061
2687,0,0.019855
2688,0,0.017870
2689,0,0.016083
2690,0,0.014474
2691,0,0.013027
2692,0,0.011724
2693,0,0.010552
2694,0,0.009497
2695,1,0.138459
2696,0,0.124613
2697,1,0.238746
2698,0,0.214871
2699,0,0.193384
2700,1,0.290563
2701,0,0.261507
2702,0,0.235356
2703,0,0.211821
2704,1,0.292624
2705,0,0.263361
2706,0,0.237025
2707,0,0.213323
2708,0,0.191990
2709,1,0.261166
2710,0,0.235049
2711,1,0.295124
2712,0,0.265612
2713,0,0.239051
2714,0,0.215146
2715,0,0.193631
2716,0,0.174268
2717,0,0.156841
2718,0,0.141157
2719,0,0.127041
2720,0,0.114337
2721,0,0.102904
2722,0,0.092613
2723,0,0.083352
2724,0,0.075017
2725,0,0.067515
2726,0,0.060763
2727,0,0.054687
2728,0,0.049218
2729,0,0.044297
2730,0,0.039867
2731,0,0.035880
2732,1,0.130264
2733,0,0.117238
2734,0,0.105514
2735,0,0.094963
2736,0,0.085466
2737,0,0.076920
2738,0,0.069228
2739,0,0.062305
2740,0,0.056074
2741,0,0.050467
2742,0,0.045420
2743,0,0.040878
2744,0,0.036790
2745,0,0.033111
2746,0,0.029800
2747,0,0.026820
2748,0,0.024138
2749,0,0.021724
2750,0,0.019552
2751,0,0.017597
2752,0,0.015837
2753,0,0.014253
2754,1,0.142852
2755,1,0.257146
2756,0,0.231432
2757,0,0.208289
2758,0,0.187460
2759,0,0.168714
2760,0,0.151842
2761,0,0.136658
2762,0,0.122992
2763,0,0.110693
2764,0,0.099624
2765,0,0.089661
2766,0,0.080695
2767,0,0.072626
2768,1,0.175636
2769,0,0.158073
2770,0,0.142266
2771,0,0.128039
2772,0,0.115235
2773,0,0.103712
2774,0,0.093340
2775,0,0.084006
2776,0,0.075606
2777,0,0.068045
2778,0,0.061241
2779,0,0.055117
2780,0,0.049605
2781,0,0.044644
2782,0,0.040180
2783,0,0.036162
2784,0,0.032546
2785,0,0.029291
2786,0,0.026362
2787,0,0.023726
2788,0,0.021353
2789,0,0.019218
2790,0,0.017296
2791,0,0.015567
2792,1,0.137946
2793,0,0.124152
2794,0,0.111737
2795,0,0.100563
2796,0,0.090507
2797,0,0.081456
2798,0,0.073310
2799,0,0.065979
2800,0,0.059381
2801,0,0.053443
2802,0,0.048099
2803,0,0.043289
2804,0,0.038960
2805,0,0.035064
2806,0,0.031558
2807,0,0.028402
2808,0,0.025562
2809,0,0.023006
2810,0,0.020705
2811,0,0.018635
2812,0,0.016771
2813,0,0.015094
2814,0,0.013585
2815,0,0.012226
2816,0,0.011003
2817,0,0.009903
2818,0,0.008913
2819,1,0.137384
2820,0,0.123645
2821,0,0.111281
2822,0,0.100153
2823,0,0.090137
2824,0,0.081124
2825,0,0.073011
2826,1,0.186098
2827,1,0.285151
2828,0,0.256636
2829,0,0.230972
2830,0,0.207875
2831,0,0.187088
2832,0,0.168379
2833,0,0.151541
2834,0,0.136387
2835,0,0.122748
2836,0,0.110473
2837,0,0.099426
2838,0,0.089483
2839,0,0.080535
2840,0,0.072482
2841,0,0.065233
2842,0,0.058710
2843,0,0.052839
2844,0,0.047555
2845,0,0.042800
2846,0,0.038520
2847,0,0.034668
2848,0,0.031201
2849,0,0.028081
2850,0,0.025273
2851,1,0.136213
2852,1,0.235652
2853,0,0.212087
2854,0,0.190878
2855,0,0.171790
2856,0,0.154611
2857,0,0.139150
2858,0,0.125235
2859,1,0.218024
2860,0,0.196222
2861,0,0.176599
2862,0,0.158940
2863,0,0.143046
2864,0,0.128741
2865,0,0.115867
2866,0,0.104280
2867,0,0.093852
2868,0,0.084467
2869,0,0.076020
2870,0,0.068418
2871,0,0.061576
2872,0,0.055419
2873,0,0.049877
2874,1,0.152536
2875,0,0.137283
2876,0,0.123555
2877,0,0.111199
2878,0,0.100079
2879,0,0.090071
2880,0,0.081064
2881,0,0.072958
2882,0,0.065662
2883,0,0.059096
2884,0,0.053186
2885,0,0.047868
2886,0,0.043081
2887,0,0.038773
2888,0,0.034895
2889,0,0.031406
2890,0,0.028265
2891,0,0.025439
2892,0,0.022895
2893,0,0.020605
2894,0,0.018545
2895,0,0.016690
2896,0,0.015021
2897,0,0.013519
2898,0,0.012167
2899,0,0.010951
2900,0,0.009856
2901,0,0.008870
2902,0,0.007983
2903,0,0.007185
2904,1,0.139371
2905,1,0.256441
2906,0,0.230797
2907,0,0.207718
2908,0,0.186946
2909,0,0.168251
2910,0,0.151426
2911,1,0.250452
2912,0,0.225407
2913,1,0.310841
2914,1,0.383621
2915,0,0.345259
2916,0,0.310733
2917,0,0.279659
2918,0,0.251694
2919,0,0.226524
2920,0,0.203872
2921,0,0.183485
2922,0,0.165136
2923,0,0.148623
2924,0,0.133760
2925,0,0.120384
2926,0,0.108346
2927,0,0.097511
2928,0,0.087760
2929,0,0.078984
2930,1,0.157940
2931,0,0.142146
2932,1,0.215191
2933,0,0.193672
2934,1,0.260352
2935,0,0.234317
2936,1,0.294497
2937,0,0.265047
2938,0,0.238543
2939,0,0.214688
2940,0,0.193220
2941,0,0.173898
2942,0,0.156508
2943,0,0.140857
2944,0,0.126771
2945,0,0.114094
2946,0,0.102685
2947,0,0.092416
2948,0,0.083175
2949,0,0.074857
2950,1,0.154542
2951,0,0.139088
2952,0,0.125179
2953,0,0.112661
2954,1,0.191576
2955,1,0.262432
2956,0,0.236189
2957,0,0.212570
2958,0,0.191313
2959,0,0.172182
2960,0,0.154963
2961,0,0.139467
2962,0,0.125520
2963,0,0.112968
2964,1,0.191833
2965,0,0.172650
2966,0,0.155385
2967,0,0.139847
2968,1,0.216768
2969,0,0.195092
2970,0,0.175582
2971,1,0.248083
2972,0,0.223275
2973,0,0.200948
2974,0,0.180853
2975,0,0.162768
2976,0,0.146491
2977,0,0.131842
2978,0,0.118658
2979,0,0.106792
2980,0,0.096113
2981,0,0.086501
2982,0,0.077851
2983,0,0.070066
2984,0,0.063059
2985,0,0.056754
2986,0,0.051078
2987,0,0.045970
2988,1,0.144682
2989,0,0.130214
2990,0,0.117193
2991,0,0.105474
2992,0,0.094926
2993,0,0.085434
2994,0,0.076890
2995,0,0.069201
2996,1,0.171867
2997,0,0.154680
2998,0,0.139212
2999,0,0.125291
3000,0,0.112762
3001,0,0.101486
3002,0,0.091337
3003,0,0.082203
3004,0,0.073983
3005,0,0.066585
3006,0,0.059926
3007,0,0.053934
3008,0,0.048540
3009,0,0.043686
3010,0,0.039318
3011,0,0.035386
3012,0,0.031847
3013,0,0.028663
3014,0,0.025796
3015,0,0.023217
3016,0,0.020895
3017,0,0.018805
3018,0,0.016925
3019,0,0.015232
3020,0,0.013709
3021,0,0.012338
3022,0,0.011104
3023,0,0.009994
3024,0,0.008995
3025,0,0.008095
3026,0,0.007286
3027,0,0.006557
3028,0,0.005901
3029,0,0.005311
3030,0,0.004780
3031,0,0.004302
3032,0,0.003872
3033,0,0.003485
3034,0,0.003136
3035,0,0.002823
3036,0,0.002540
3037,0,0.002286
3038,0,0.002058
3039,0,0.001852
3040,1,0.137500
3041,0,0.123750
3042,0,0.111375
3043,0,0.100238
3044,0,0.090214
3045,0,0.081192
3046,1,0.198427
3047,0,0.178584
3048,0,0.160726
3049,0,0.144653
3050,0,0.130188
3051,0,0.117169
3052,0,0.105452
3053,0,0.094907
3054,0,0.085416
3055,0,0.076875
3056,0,0.069187
3057,0,0.062269
3058,0,0.056042
3059,0,0.050438
3060,0,0.045394
3061,0,0.040854
3062,0,0.036769
3063,0,0.033092
3064,0,0.029783
3065,0,0.026805
3066,1,0.140235
3067,0,0.126211
3068,0,0.113590
3069,0,0.102231
3070,0,0.092008
3071,0,0.082807
3072,0,0.074527
3073,0,0.067074
3074,0,0.060367
3075,0,0.054330
3076,0,0.048897
3077,0,0.044007
3078,0,0.039606
3079,0,0.035646
3080,0,0.032081
3081,0,0.028873
3082,0,0.025986
3083,0,0.023387
3084,0,0.021048
3085,0,0.018944
3086,0,0.017049
3087,0,0.015344
3088,1,0.139535
3089,0,0.125582
3090,1,0.236563
3091,1,0.333658
3092,0,0.300292
3093,0,0.270263
3094,0,0.243236
3095,0,0.218913
3096,0,0.197021
3097,0,0.177319
3098,0,0.159587
3099,0,0.143629
3100,0,0.129266
3101,0,0.116339
3102,0,0.104705
3103,1,0.194960
3104,0,0.175464
3105,0,0.157917
3106,0,0.142126
3107,0,0.127913
3108,0,0.115122
3109,0,0.103610
3110,0,0.093249
3111,0,0.083924
3112,0,0.075531
3113,0,0.067978
3114,0,0.061180
3115,0,0.055062
3116,0,0.049556
3117,0,0.044601
3118,0,0.040140
3119,0,0.036126
3120,0,0.032514
3121,0,0.029262
3122,0,0.026336
3123,0,0.023703
3124,0,0.021332
3125,0,0.019199
3126,0,0.017279
3127,0,0.015551
3128,0,0.013996
3129,0,0.012597
3130,0,0.011337
3131,1,0.136529
3132,0,0.122876
3133,0,0.110588
3134,0,0.099530
3135,0,0.089577
3136,1,0.204506
3137,0,0.184055
3138,0,0.165650
3139,0,0.149085
3140,0,0.134176
3141,0,0.120759
3142,0,0.108683
3143,0,0.097815
3144,0,0.088033
3145,0,0.079230
3146,0,0.071307
3147,0,0.064176
3148,1,0.173164
3149,0,0.155848
3150,0,0.140263
3151,1,0.238401
3152,0,0.214561
3153,0,0.193105
3154,0,0.173794
3155,0,0.156415
3156,0,0.140773
3157,1,0.230965
3158,0,0.207868
3159,0,0.187081
3160,0,0.168373
3161,0,0.151536
3162,1,0.235314
3163,1,0.309126
3164,0,0.278213
3165,1,0.343172
3166,0,0.308855
3167,0,0.277969
3168,0,0.250172
3169,0,0.225155
3170,0,0.202640
3171,0,0.182376
3172,0,0.164138
3173,1,0.230572
3174,0,0.207515
3175,0,0.186763
3176,0,0.168087
3177,1,0.232654
3178,0,0.209388
3179,0,0.188449
3180,1,0.249681
3181,0,0.224713
3182,0,0.202241
3183,0,0.182017
3184,0,0.163815
3185,0,0.147434
3186,0,0.132691
3187,0,0.119421
3188,0,0.107479
3189,0,0.096731
3190,0,0.087058
3191,1,0.162728
3192,0,0.146456
3193,0,0.131810
3194,1,0.204668
3195,0,0.184202
3196,1,0.251697
3197,0,0.226527
3198,0,0.203874
3199,0,0.183487
3200,0,0.165138
3201,0,0.148624
3202,0,0.133762
3203,0,0.120386
3204,0,0.108347
3205,0,0.097512
3206,0,0.087761
3207,0,0.078985
3208,0,0.071087
3209,0,0.063978
3210,0,0.057580
3211,0,0.051822
3212,0,0.046640
3213,0,0.041976
3214,1,0.139431
3215,0,0.125488
3216,0,0.112939
3217,0,0.101645
3218,1,0.195870
3219,0,0.176283
3220,0,0.158654
3221,1,0.246653
3222,0,0.221988
3223,0,0.199789
3224,0,0.179810
3225,0,0.161829
3226,0,0.145646
3227,0,0.131082
3228,0,0.117974
3229,0,0.106176
3230,0,0.095559
3231,0,0.086003
3232,0,0.077402
3233,1,0.174764
3234,1,0.262053
3235,0,0.235848
3236,0,0.212263
3237,1,0.292477
3238,0,0.263229
3239,1,0.335157
3240,0,0.301641
3241,1,0.365682
3242,0,0.329114
3243,0,0.296202
3244,0,0.266582
3245,0,0.239924
3246,0,0.215932
3247,1,0.279908
3248,0,0.251917
3249,0,0.226725
3250,0,0.204053
3251,0,0.183647
3252,1,0.247848
3253,0,0.223063
3254,0,0.200757
3255,0,0.180681
3256,0,0.162613
3257,1,0.227931
3258,0,0.205138
3259,0,0.184624
3260,0,0.166162
3261,0,0.149546
3262,0,0.134591
3263,0,0.121132
3264,1,0.192366
3265,0,0.173130
3266,0,0.155817
3267,0,0.140235
3268,1,0.210890
3269,1,0.274285
3270,1,0.330440
3271,1,0.379464
3272,0,0.341518
3273,0,0.307366
3274,1,0.353927
3275,1,0.394152
3276,0,0.354737
3277,0,0.319263
3278,0,0.287337
3279,0,0.258603
3280,0,0.232743
3281,0,0.209468
3282,0,0.188522
3283,0,0.169669
3284,1,0.222482
3285,0,0.200233
3286,0,0.180210
3287,0,0.162189
3288,1,0.216588
3289,0,0.194930
3290,0,0.175437
3291,0,0.157893
3292,1,0.213798
3293,0,0.192418
3294,0,0.173176
3295,0,0.155859
3296,1,0.213151
3297,1,0.264694
3298,1,0.310527
3299,0,0.279475
3300,0,0.251527
3301,0,0.226374
3302,0,0.203737
3303,0,0.183363
3304,0,0.165027
3305,1,0.219503
3306,0,0.197553
3307,0,0.177797
3308,1,0.231449
3309,0,0.208304
3310,0,0.187474
3311,0,0.168727
3312,1,0.223858
3313,0,0.201473
3314,0,0.181325
3315,0,0.163193
3316,0,0.146873
3317,1,0.205694
3318,1,0.258692
3319,1,0.305912
3320,0,0.275321
3321,1,0.319302
3322,0,0.287372
3323,0,0.258634
3324,0,0.232771
3325,0,0.209494
3326,1,0.257656
3327,1,0.300549
3328,1,0.338281
3329,1,0.370999
3330,0,0.333899
3331,0,0.300509
3332,1,0.333463
3333,1,0.361957
3334,0,0.326687
3335,1,0.353350
3336,0,0.321324
3337,1,0.346203
3338,0,0.317091
3339,1,0.340257
3340,0,0.313758
3341,0,0.290713
3342,0,0.270476
3343,0,0.252497
3344,0,0.236311
3345,0,0.221522
3346,0,0.207796
3347,0,0.194852
3348,1,0.229502
3349,0,0.213295
3350,0,0.198193
3351,0,0.183923
3352,0,0.170254
3353,0,0.156992
3354,0,0.143975
3355,0,0.131071
3356,0,0.118168
3357,0,0.106352
3358,0,0.095716
3359,0,0.086145
3360,0,0.077530
3361,1,0.138369
3362,0,0.124532
3363,1,0.182852
3364,1,0.235894
3365,0,0.212305
3366,1,0.262665
3367,0,0.236399
3368,1,0.284041
3369,0,0.255636
3370,0,0.230073
3371,0,0.207066
3372,0,0.186359
3373,1,0.238728
3374,0,0.214855
3375,0,0.193369
3376,1,0.245184
3377,0,0.220666
3378,0,0.198599
3379,0,0.178739
3380,0,0.160865
3381,0,0.144779
3382,0,0.130301
3383,0,0.117271
3384,0,0.105544
3385,1,0.170281
3386,0,0.153253
3387,1,0.214174
3388,1,0.268980
3389,0,0.242082
3390,1,0.293292
3391,0,0.263963
3392,0,0.237567
3393,0,0.213810
3394,0,0.192429
3395,1,0.247273
3396,0,0.222545
3397,0,0.200291
3398,1,0.253979
3399,1,0.301881
3400,0,0.271693
3401,1,0.316415
3402,0,0.284773
3403,1,0.326540
3404,0,0.293886
3405,1,0.332938
3406,0,0.299644
3407,0,0.269680
3408,0,0.242712
3409,1,0.284216
3410,0,0.255795
3411,0,0.230215
3412,0,0.207194
3413,1,0.251129
3414,1,0.290316
3415,0,0.261284
3416,0,0.235156
3417,0,0.211640
3418,0,0.190476
3419,1,0.234630
3420,0,0.211167
3421,0,0.190050
3422,1,0.234284
3423,0,0.210855
3424,0,0.189770
3425,1,0.234070
3426,0,0.210663
3427,1,0.252695
3428,0,0.227425
3429,0,0.204683
3430,1,0.246886
3431,1,0.284547
3432,0,0.256093
3433,0,0.230483
3434,0,0.207435
3435,1,0.247879
3436,0,0.223091
3437,0,0.200782
3438,1,0.241580
3439,1,0.278022
3440,1,0.310207
3441,0,0.280627
3442,1,0.311040
3443,0,0.282859
3444,1,0.311546
3445,1,0.336479
3446,0,0.308318
3447,1,0.331652
3448,1,0.351610
3449,1,0.368332
3450,1,0.381969
3451,1,0.392690
3452,0,0.366518
3453,0,0.344241
3454,0,0.325136
3455,1,0.336987
3456,1,0.346803
3457,1,0.354620
3458,1,0.360493
3459,1,0.364496
3460,1,0.366712
3461,1,0.367256
3462,0,0.355047
3463,0,0.345205
3464,0,0.337173
3465,1,0.336610
3466,0,0.330668
3467,1,0.329621
3468,1,0.328086
3469,1,0.325971
3470,0,0.323657
3471,0,0.322130
3472,0,0.321056
3473,0,0.320159
3474,0,0.319214
3475,0,0.318043
3476,1,0.316025
3477,1,0.314442
3478,0,0.312988
3479,1,0.311931
3480,1,0.310971
3481,1,0.309901
3482,0,0.309239
3483,0,0.308777
3484,0,0.308284
3485,0,0.307573
3486,1,0.307061
3487,0,0.305838
3488,1,0.306049
3489,0,0.304412
3490,0,0.302617
3491,0,0.300516
3492,1,0.302793
3493,0,0.299671
3494,1,0.302906
3495,1,0.306073
3496,1,0.308948
3497,1,0.311348
3498,1,0.313134
3499,0,0.309207
3500,0,0.305954
3501,0,0.303086
3502,0,0.300365
3503,0,0.297595
3504,1,0.300762
3505,0,0.297238
3506,0,0.293666
3507,1,0.298378
3508,1,0.302897
3509,1,0.307006
3510,1,0.310529
3511,1,0.313334
3512,1,0.315323
3513,1,0.316425
3514,1,0.316599
3515,1,0.315823
3516,1,0.314094
3517,1,0.311422
3518,0,0.312260
3519,1,0.307718
3520,1,0.302672
3521,0,0.307215
3522,1,0.300448
3523,0,0.306754
3524,1,0.298651
3525,1,0.290697
3526,1,0.282779
3527,1,0.274809
3528,1,0.266718
3529,1,0.258456
3530,1,0.249987
3531,1,0.241287
3532,0,0.261373
3533,0,0.280239
3534,0,0.297726
3535,1,0.281531
3536,0,0.299523
3537,0,0.315851
3538,0,0.330468
3539,0,0.343356
3540,1,0.322791
3541,1,0.304524
3542,1,0.288158
3543,1,0.273352
3544,0,0.291463
3545,1,0.276111
3546,0,0.294063
3547,0,0.310137
3548,0,0.324332
3549,0,0.336668
3550,0,0.347179
3551,1,0.328141
3552,1,0.311506
3553,1,0.296837
3554,1,0.283756
3555,1,0.271945
3556,0,0.287466
3557,0,0.301396
3558,1,0.287870
3559,1,0.275742
3560,0,0.290666
3561,0,0.303991
3562,0,0.315695
3563,1,0.301472
3564,1,0.288917
3565,1,0.277687
3566,1,0.267492
3567,1,0.258087
3568,0,0.274254
3569,1,0.263681
3570,1,0.253900
3571,1,0.244711
3572,1,0.235947
3573,1,0.227470
3574,0,0.249191
3575,0,0.269139
3576,1,0.256070
3577,1,0.244008
3578,1,0.232743
3579,1,0.222097
3580,0,0.246708
3581,1,0.233728
3582,1,0.221607
3583,1,0.210169
3584,1,0.199268
3585,1,0.188780
3586,1,0.178604
3587,1,0.168657
3588,1,0.158889
3589,1,0.149262
3590,0,0.187748
3591,1,0.173767
3592,1,0.160539
3593,1,0.147943
3594,1,0.135873
3595,0,0.179108
3596,0,0.218506
3597,1,0.197835
3598,0,0.235941
3599,1,0.213068
3600,1,0.192276
3601,0,0.231533
3602,1,0.208522
3603,1,0.187670
3604,1,0.168903
3605,1,0.152013
3606,1,0.136811
3607,1,0.123130
3608,1,0.110817
3609,1,0.099735
3610,0,0.151546
3611,0,0.198505
3612,1,0.178655
3613,0,0.223215
3614,0,0.263301
3615,1,0.236971
3616,0,0.275399
3617,1,0.247859
3618,1,0.223073
3619,1,0.200766
3620,1,0.180689
3621,1,0.162620
3622,1,0.146358
3623,1,0.131723
3624,1,0.118550
3625,1,0.106695
3626,1,0.096026
3627,1,0.086423
3628,1,0.077781
3629,1,0.070003
3630,1,0.063003
3631,1,0.056702
3632,1,0.051032
3633,1,0.045929
3634,0,0.110105
3635,1,0.099094
3636,1,0.089185
3637,1,0.080266
3638,0,0.142983
3639,0,0.199707
3640,1,0.179737
3641,1,0.161763
3642,1,0.145587
3643,1,0.131028
3644,1,0.117925
3645,0,0.178526
3646,1,0.160673
3647,1,0.144606
3648,1,0.130145
3649,1,0.117131
3650,1,0.105418
3651,1,0.094876
3652,1,0.085388
3653,1,0.076849
3654,1,0.069165
3655,1,0.062248
3656,1,0.056023
3657,0,0.127500
3658,1,0.114750
3659,1,0.103275
3660,0,0.171026
3661,1,0.153923
3662,1,0.138531
3663,0,0.203310
3664,0,0.261607
3665,0,0.313867
3666,1,0.282480
3667,1,0.254232
3668,0,0.306407
3669,1,0.275766
3670,1,0.248190
3671,0,0.300203
3672,1,0.270182
3673,1,0.243164
3674,0,0.294963
3675,1,0.265467
3676,1,0.238920
3677,1,0.215028
3678,1,0.193525
3679,1,0.174173
3680,0,0.232315
3681,1,0.209084
3682,0,0.263603
3683,1,0.237243
3684,1,0.213518
3685,1,0.192166
3686,1,0.172950
3687,1,0.155655
3688,1,0.140089
3689,1,0.126080
3690,1,0.113472
3691,1,0.102125
3692,1,0.091913
3693,1,0.082721
3694,1,0.074449
3695,0,0.144885
3696,1,0.130397
3697,0,0.195692
3698,0,0.254471
3699,0,0.307182
3700,1,0.276464
3701,1,0.248817
3702,1,0.223936
3703,1,0.201542
3704,1,0.181388
3705,1,0.163249
3706,1,0.146924
3707,1,0.132232
3708,0,0.196992
3709,1,0.177293
3710,1,0.159564
3711,1,0.143607
3712,1,0.129247
3713,1,0.116322
3714,1,0.104690
3715,0,0.173531
3716,0,0.235567
3717,1,0.212011
3718,1,0.190810
3719,1,0.171729
3720,0,0.233916
3721,1,0.210525
3722,1,0.189472
3723,1,0.170525
3724,1,0.153472
3725,1,0.138125
3726,1,0.124313
3727,1,0.111881
3728,1,0.100693
3729,1,0.090624
3730,1,0.081562
3731,1,0.073405
3732,1,0.066065
3733,1,0.059458
3734,1,0.053513
3735,0,0.131337
3736,1,0.118203
3737,1,0.106383
3738,0,0.179691
3739,1,0.161722
3740,1,0.145550
3741,1,0.130995
3742,0,0.202379
3743,1,0.182141
3744,0,0.248415
3745,1,0.223574
3746,1,0.201216
3747,1,0.181095
3748,1,0.162985
3749,1,0.146687
3750,1,0.132018
3751,1,0.118816
3752,1,0.106935
3753,1,0.096241
3754,0,0.172111
3755,0,0.240437
3756,1,0.216393
3757,1,0.194754
3758,1,0.175278
3759,1,0.157750
3760,1,0.141975
3761,1,0.127778
3762,1,0.115000
3763,0,0.189530
3764,1,0.170577
3765,1,0.153519
3766,1,0.138167
3767,1,0.124350
3768,1,0.111915
3769,1,0.100724
3770,1,0.090651
3771,1,0.081586
3772,1,0.073428
3773,1,0.066085
3774,0,0.147914
3775,1,0.133122
3776,1,0.119810
3777,1,0.107829
3778,1,0.097046
3779,1,0.087342
3780,1,0.078607
3781,1,0.070747
3782,1,0.063672
3783,1,0.057305
3784,1,0.051574
3785,0,0.137943
3786,1,0.124149
3787,0,0.203546
3788,0,0.274917
3789,1,0.247425
3790,0,0.313916
3791,1,0.282525
3792,0,0.344791
3793,0,0.400322
3794,1,0.360290
3795,1,0.324261
3796,1,0.291835
3797,1,0.262652
3798,1,0.236386
3799,1,0.212748
3800,1,0.191473
3801,1,0.172326
3802,1,0.155093
3803,1,0.139584
3804,1,0.125625
3805,1,0.113063
3806,1,0.101757
3807,1,0.091581
3808,1,0.082423
3809,1,0.074181
3810,1,0.066762
3811,1,0.060086
3812,1,0.054078
3813,0,0.139184
3814,1,0.125265
3815,1,0.112739
3816,1,0.101465
3817,1,0.091318
3818,1,0.082186
3819,0,0.165775
3820,1,0.149197
3821,1,0.134277
3822,1,0.120850
3823,1,0.108765
3824,0,0.190319
3825,1,0.171287
3826,1,0.154159
3827,1,0.138743
3828,1,0.124868
3829,1,0.112382
3830,1,0.101143
3831,1,0.091029
3832,1,0.081926
3833,1,0.073734
3834,1,0.066360
3835,1,0.059724
3836,1,0.053752
3837,1,0.048377
3838,1,0.043539
3839,1,0.039185
3840,1,0.035267
3841,1,0.031740
3842,1,0.028566
3843,1,0.025709
3844,1,0.023138
3845,1,0.020825
3846,1,0.018742
3847,1,0.016868
3848,0,0.114424
3849,1,0.102982
3850,1,0.092684
3851,1,0.083415
3852,0,0.175014
3853,1,0.157513
3854,1,0.141762
3855,1,0.127585
3856,1,0.114827
3857,0,0.203484
3858,0,0.283123
3859,1,0.254811
3860,1,0.229330
3861,1,0.206397
3862,1,0.185757
3863,1,0.167181
3864,1,0.150463
3865,1,0.135417
3866,0,0.220857
3867,1,0.198771
3868,1,0.178894
3869,1,0.161005
3870,1,0.144904
3871,1,0.130414
3872,1,0.117372
3873,0,0.204418
3874,0,0.282599
3875,1,0.254339
3876,1,0.228905
3877,0,0.303796
3878,0,0.370766
3879,1,0.333689
3880,0,0.396572
3881,1,0.356915
3882,1,0.321223
3883,1,0.289101
3884,1,0.260191
3885,1,0.234172
3886,1,0.210754
3887,1,0.189679
3888,1,0.170711
3889,1,0.153640
3890,1,0.138276
3891,1,0.124448
3892,1,0.112004
3893,1,0.100803
3894,1,0.090723
3895,1,0.081651
3896,1,0.073486
3897,1,0.066137
3898,1,0.059523
3899,1,0.053571
3900,1,0.048214
3901,1,0.043392
3902,1,0.039053
3903,1,0.035148
3904,1,0.031633
3905,1,0.028470
3906,1,0.025623
3907,1,0.023061
3908,1,0.020754
3909,1,0.018679
3910,1,0.016811
3911,1,0.015130
3912,1,0.013617
3913,1,0.012255
3914,1,0.011030
3915,1,0.009927
3916,1,0.008934
3917,1,0.008041
3918,1,0.007237
3919,1,0.006513
3920,1,0.005862
3921,0,0.109305
3922,1,0.098374
3923,1,0.088537
3924,1,0.079683
3925,0,0.176314
3926,1,0.158682
3927,1,0.142814
3928,1,0.128533
3929,1,0.115679
3930,1,0.104111
3931,1,0.093700
3932,1,0.084330
3933,1,0.075897
3934,1,0.068308
3935,1,0.061477
3936,1,0.055329
3937,1,0.049796
3938,0,0.150782
3939,1,0.135704
3940,1,0.122134
3941,1,0.109920
3942,1,0.098928
3943,1,0.089035
3944,1,0.080132
3945,1,0.072119
3946,1,0.064907
3947,1,0.058416
3948,1,0.052574
3949,1,0.047317
3950,1,0.042585
3951,1,0.038327
3952,1,0.034494
3953,1,0.031045
3954,0,0.136203
3955,1,0.122583
3956,1,0.110325
3957,1,0.099292
3958,1,0.089363
3959,1,0.080427
3960,1,0.072384
3961,1,0.065146
3962,1,0.058631
3963,1,0.052768
3964,0,0.156677
3965,1,0.141009
3966,0,0.235935
3967,1,0.212341
3968,1,0.191107
3969,1,0.171996
3970,1,0.154797
3971,1,0.139317
3972,1,0.125385
3973,1,0.112847
3974,1,0.101562
3975,1,0.091406
3976,1,0.082265
3977,1,0.074039
3978,1,0.066635
3979,1,0.059971
3980,0,0.162717
3981,1,0.146446
3982,1,0.131801
3983,1,0.118621
3984,1,0.106759
3985,1,0.096083
3986,1,0.086475
3987,1,0.077827
3988,1,0.070044
3989,0,0.172009
3990,1,0.154808
3991,1,0.139328
3992,1,0.125395
3993,1,0.112855
3994,1,0.101570
3995,1,0.091413
3996,1,0.082272
3997,1,0.074044
3998,1,0.066640
3999,1,0.059976
