episode,is_optimal,expected,unexpected
1,1,0.693247,0.000000
2,0,0.698260,0.000000
3,0,0.703302,0.000000
4,1,0.708370,0.000000
5,0,0.713436,0.000000
6,0,0.718527,0.000000
7,0,0.723637,0.000000
8,1,0.728755,0.000000
9,0,0.733898,0.000000
10,1,0.739027,0.000000
11,1,0.744196,0.000000
12,1,0.749400,0.000000
13,0,0.754634,0.000000
14,1,0.759823,0.000000
15,0,0.765042,0.000000
16,1,0.770218,0.000000
17,1,0.775420,0.000000
18,0,0.780640,0.000000
19,0,0.785818,0.000013
20,0,0.790958,0.000044
21,1,0.796060,0.000045
22,1,0.801181,0.000036
23,0,0.806317,0.000045
24,0,0.811398,0.000075
25,1,0.816424,0.000072
26,0,0.821468,0.000095
27,1,0.826444,0.000083
28,0,0.831439,0.000102
29,0,0.836354,0.000143
30,0,0.841186,0.000200
31,1,0.845928,0.000191
32,1,0.850720,0.000153
33,1,0.855556,0.000122
34,1,0.860427,0.000098
35,0,0.865320,0.000078
36,1,0.870066,0.000063
37,1,0.874823,0.000050
38,1,0.879575,0.000040
39,0,0.884301,0.000032
40,1,0.888899,0.000026
41,1,0.893444,0.000021
42,0,0.897918,0.000016
43,1,0.902302,0.000013
44,1,0.906581,0.000023
45,0,0.910738,0.000019
46,0,0.914857,0.000015
47,1,0.918945,0.000029
48,0,0.922855,0.000023
49,1,0.926756,0.000050
50,1,0.930457,0.000109
51,0,0.933956,0.000106
52,1,0.937488,0.000152
53,1,0.940786,0.000232
54,1,0.943845,0.000336
55,0,0.946657,0.000328
56,1,0.949604,0.000383
57,0,0.952253,0.000327
58,1,0.955076,0.000360
59,0,0.957556,0.000288
60,1,0.960245,0.000314
61,1,0.962555,0.000410
62,0,0.964496,0.000355
63,1,0.966726,0.000406
64,1,0.968543,0.000528
65,1,0.969958,0.000696
66,1,0.970979,0.000893
67,0,0.971607,0.000843
68,0,0.972758,0.000674
69,0,0.974400,0.000539
70,0,0.976491,0.000432
71,1,0.978983,0.000345
72,1,0.980847,0.000312
73,1,0.982129,0.000416
74,1,0.982871,0.000608
75,1,0.983102,0.000852
76,1,0.982850,0.001127
77,1,0.982136,0.001415
78,1,0.980977,0.001706
79,1,0.979389,0.001995
80,1,0.977385,0.002278
81,1,0.974977,0.002552
82,1,0.972175,0.002819
83,1,0.968993,0.003078
84,0,0.965441,0.002800
85,0,0.963394,0.002240
86,1,0.962716,0.001950
87,1,0.961356,0.001911
88,1,0.959369,0.002043
89,1,0.956805,0.002288
90,1,0.953710,0.002602
91,1,0.950126,0.002955
92,1,0.946092,0.003326
93,1,0.941646,0.003698
94,1,0.936820,0.004063
95,0,0.931647,0.003619
96,1,0.928694,0.003468
97,1,0.925191,0.003520
98,1,0.921190,0.003708
99,1,0.916741,0.003981
100,1,0.911889,0.004303
101,0,0.906673,0.003699
102,1,0.903900,0.003473
103,1,0.900554,0.003508
104,1,0.896694,0.003716
105,1,0.892375,0.004033
106,1,0.887645,0.004410
107,1,0.882550,0.004816
108,1,0.877131,0.005226
109,1,0.871426,0.005625
110,1,0.865468,0.006003
111,0,0.859288,0.005138
112,1,0.855975,0.004721
113,1,0.852184,0.004616
114,1,0.847967,0.004723
115,1,0.843373,0.004965
116,1,0.838444,0.005288
117,1,0.833221,0.005652
118,1,0.827739,0.006030
119,1,0.822032,0.006401
120,1,0.816129,0.006754
121,1,0.810057,0.007081
122,1,0.803840,0.007378
123,1,0.797501,0.007642
124,1,0.791060,0.007874
125,1,0.784533,0.008074
126,1,0.777939,0.008245
127,1,0.771292,0.008389
128,1,0.764605,0.008509
129,1,0.757890,0.008606
130,1,0.751158,0.008684
131,1,0.744420,0.008744
132,1,0.737683,0.008789
133,1,0.730957,0.008822
134,1,0.724248,0.008843
135,1,0.717563,0.008854
136,0,0.710907,0.007083
137,1,0.707631,0.005861
138,1,0.704062,0.005196
139,1,0.700234,0.004926
140,1,0.696177,0.004925
141,1,0.691922,0.005103
142,1,0.687494,0.005390
143,1,0.682916,0.005738
144,1,0.678210,0.006111
145,1,0.673396,0.006483
146,1,0.668490,0.006840
147,1,0.663508,0.007169
148,1,0.658465,0.007464
149,0,0.653374,0.005972
150,1,0.651292,0.004777
151,1,0.648887,0.004141
152,1,0.646195,0.003947
153,1,0.643247,0.004052
154,1,0.640074,0.004348
155,1,0.636703,0.004757
156,1,0.633158,0.005221
157,1,0.629462,0.005700
158,1,0.625634,0.006168
159,1,0.621694,0.006606
160,0,0.617657,0.005285
161,1,0.616323,0.004228
162,1,0.614653,0.003559
163,1,0.612682,0.003381
164,1,0.610443,0.003529
165,1,0.607966,0.003885
166,1,0.605278,0.004360
167,1,0.602402,0.004892
168,1,0.599364,0.005436
169,1,0.596181,0.005962
170,1,0.592874,0.006452
171,1,0.589458,0.006892
172,1,0.585949,0.007277
173,1,0.582361,0.007605
174,1,0.578706,0.007877
175,1,0.574996,0.008094
176,1,0.571240,0.008262
177,1,0.567449,0.008385
178,0,0.563629,0.006708
179,1,0.562360,0.005366
180,1,0.560827,0.004293
181,1,0.559057,0.003714
182,0,0.557076,0.002971
183,1,0.557241,0.002377
184,1,0.557021,0.001901
185,1,0.556452,0.001521
186,1,0.555571,0.001430
187,1,0.554409,0.001733
188,1,0.552995,0.002281
189,1,0.551357,0.002964
190,1,0.549518,0.003705
191,1,0.547500,0.004449
192,1,0.545325,0.005160
193,1,0.543010,0.005814
194,1,0.540572,0.006398
195,1,0.538027,0.006906
196,1,0.535387,0.007335
197,1,0.532667,0.007688
198,1,0.529876,0.007969
199,1,0.527025,0.008184
200,1,0.524124,0.008338
201,1,0.521181,0.008439
202,1,0.518202,0.008493
203,1,0.515196,0.008507
204,1,0.512168,0.008486
205,1,0.509124,0.008436
206,1,0.506068,0.008362
207,0,0.503005,0.006690
208,1,0.502153,0.005352
209,1,0.501083,0.004282
210,0,0.499819,0.003425
211,1,0.500411,0.002740
212,1,0.500656,0.002192
213,1,0.500588,0.001754
214,1,0.500237,0.001403
215,1,0.499632,0.001249
216,1,0.498798,0.001505
217,1,0.497760,0.002016
218,0,0.496537,0.001613
219,1,0.497103,0.001290
220,1,0.497337,0.001032
221,1,0.497272,0.000826
222,1,0.496936,0.000999
223,1,0.496357,0.001515
224,1,0.495559,0.002229
225,1,0.494564,0.003038
226,1,0.493394,0.003871
227,1,0.492067,0.004678
228,1,0.490600,0.005427
229,1,0.489008,0.006100
230,1,0.487306,0.006685
231,1,0.485507,0.007181
232,1,0.483622,0.007587
233,1,0.481661,0.007908
234,0,0.479635,0.006327
235,0,0.479451,0.005061
236,1,0.480802,0.004049
237,0,0.481776,0.003239
238,1,0.484092,0.002591
239,1,0.485946,0.002073
240,1,0.487378,0.001659
241,1,0.488426,0.001327
242,1,0.489127,0.001061
243,1,0.489511,0.001236
244,1,0.489611,0.001832
245,1,0.489453,0.002673
246,1,0.489062,0.003632
247,1,0.488462,0.004617
248,1,0.487675,0.005569
249,1,0.486719,0.006449
250,1,0.485612,0.007233
251,1,0.484370,0.007910
252,1,0.483007,0.008475
253,1,0.481538,0.008930
254,1,0.479974,0.009282
255,1,0.478326,0.009538
256,1,0.476603,0.009707
257,1,0.474815,0.009800
258,1,0.472971,0.009825
259,1,0.471076,0.009793
260,1,0.469138,0.009714
261,1,0.467164,0.009594
262,1,0.465157,0.009442
263,1,0.463124,0.009264
264,1,0.461069,0.009067
265,1,0.458995,0.008855
266,0,0.456907,0.007084
267,1,0.456529,0.005667
268,1,0.455971,0.004534
269,1,0.455252,0.003627
270,1,0.454388,0.002902
271,1,0.453394,0.002626
272,1,0.452285,0.002652
273,1,0.451072,0.002873
274,1,0.449768,0.003209
275,1,0.448382,0.003603
276,1,0.446924,0.004014
277,1,0.445403,0.004414
278,0,0.443826,0.003531
279,1,0.443844,0.002825
280,1,0.443659,0.002260
281,0,0.443289,0.001808
282,1,0.444323,0.001446
283,1,0.445058,0.001157
284,1,0.445523,0.000926
285,1,0.445743,0.000741
286,1,0.445742,0.000592
287,1,0.445542,0.000841
288,1,0.445162,0.001390
289,1,0.444620,0.002107
290,1,0.443933,0.002899
291,1,0.443115,0.003701
292,1,0.442182,0.004468
293,0,0.441144,0.003574
294,1,0.441567,0.002859
295,1,0.441756,0.002288
296,1,0.441734,0.001830
297,1,0.441521,0.001791
298,1,0.441136,0.002104
299,1,0.440597,0.002629
300,1,0.439920,0.003264
301,1,0.439118,0.003938
302,1,0.438205,0.004602
303,1,0.437192,0.005224
304,1,0.436091,0.005783
305,1,0.434912,0.006269
306,1,0.433662,0.006678
307,0,0.432351,0.005342
308,1,0.432503,0.004274
309,1,0.432457,0.003419
310,1,0.432233,0.002735
311,1,0.431848,0.002362
312,1,0.431319,0.002387
313,1,0.430661,0.002666
314,1,0.429886,0.003095
315,1,0.429008,0.003599
316,1,0.428037,0.004124
317,1,0.426983,0.004635
318,1,0.425855,0.005108
319,1,0.424662,0.005529
320,1,0.423411,0.005891
321,1,0.422110,0.006191
322,1,0.420763,0.006430
323,1,0.419378,0.006610
324,0,0.417958,0.005288
325,1,0.417979,0.004231
326,1,0.417828,0.003384
327,1,0.417523,0.002708
328,1,0.417078,0.002166
329,1,0.416509,0.001956
330,1,0.415828,0.002058
331,1,0.415046,0.002357
332,1,0.414174,0.002768
333,1,0.413223,0.003230
334,1,0.412201,0.003702
335,1,0.411115,0.004155
336,1,0.409973,0.004571
337,1,0.408782,0.004939
338,1,0.407547,0.005254
339,1,0.406273,0.005515
340,1,0.404967,0.005721
341,1,0.403631,0.005877
342,1,0.402271,0.005987
343,1,0.400888,0.006054
344,1,0.399488,0.006084
345,1,0.398072,0.006081
346,1,0.396643,0.006051
347,1,0.395203,0.005997
348,1,0.393756,0.005925
349,1,0.392302,0.005836
350,1,0.390843,0.005735
351,1,0.389381,0.005625
352,1,0.387917,0.005508
353,1,0.386453,0.005386
354,1,0.384989,0.005261
355,1,0.383527,0.005134
356,1,0.382068,0.005008
357,1,0.380612,0.004883
358,1,0.379160,0.004759
359,1,0.377712,0.004638
360,0,0.376270,0.003711
361,1,0.376197,0.002969
362,1,0.375993,0.002375
363,0,0.375673,0.001900
364,1,0.376557,0.001520
365,1,0.377220,0.001216
366,1,0.377683,0.000973
367,1,0.377964,0.000778
368,1,0.378081,0.000623
369,1,0.378050,0.000498
370,1,0.377886,0.000488
371,1,0.377602,0.000807
372,1,0.377209,0.001323
373,1,0.376719,0.001941
374,1,0.376143,0.002594
375,1,0.375489,0.003238
376,1,0.374765,0.003840
377,1,0.373980,0.004383
378,1,0.373139,0.004857
379,1,0.372249,0.005256
380,1,0.371316,0.005582
381,1,0.370345,0.005838
382,1,0.369340,0.006028
383,1,0.368305,0.006158
384,1,0.367244,0.006235
385,1,0.366161,0.006265
386,1,0.365059,0.006254
387,1,0.363940,0.006209
388,1,0.362806,0.006136
389,1,0.361661,0.006040
390,1,0.360505,0.005925
391,1,0.359342,0.005796
392,1,0.358172,0.005655
393,1,0.356997,0.005508
394,1,0.355818,0.005355
395,1,0.354636,0.005200
396,1,0.353454,0.005043
397,1,0.352270,0.004888
398,1,0.351087,0.004735
399,1,0.349905,0.004585
400,1,0.348725,0.004439
401,1,0.347548,0.004298
402,1,0.346373,0.004161
403,1,0.345202,0.004030
404,1,0.344034,0.003905
405,1,0.342871,0.003784
406,1,0.341713,0.003670
407,1,0.340560,0.003561
408,1,0.339411,0.003457
409,1,0.338269,0.003359
410,1,0.337132,0.003265
411,1,0.336000,0.003177
412,1,0.334875,0.003093
413,1,0.333756,0.003013
414,1,0.332643,0.002938
415,1,0.331537,0.002866
416,1,0.330437,0.002798
417,1,0.329344,0.002733
418,1,0.328257,0.002672
419,1,0.327177,0.002614
420,1,0.326104,0.002558
421,1,0.325037,0.002505
422,1,0.323977,0.002454
423,1,0.322924,0.002406
424,1,0.321878,0.002359
425,1,0.320838,0.002314
426,1,0.319805,0.002271
427,1,0.318779,0.002230
428,1,0.317760,0.002190
429,1,0.316747,0.002152
430,1,0.315741,0.002114
431,1,0.314742,0.002078
432,1,0.313749,0.002043
433,1,0.312763,0.002009
434,1,0.311784,0.001976
435,1,0.310811,0.001943
436,1,0.309844,0.001912
437,1,0.308884,0.001881
438,1,0.307930,0.001851
439,0,0.306983,0.001481
440,1,0.307154,0.001184
441,1,0.307220,0.000948
442,1,0.307191,0.000758
443,1,0.307077,0.000606
444,1,0.306886,0.000485
445,1,0.306626,0.000388
446,1,0.306304,0.000311
447,1,0.305926,0.000248
448,1,0.305499,0.000330
449,0,0.305027,0.000264
450,1,0.305587,0.000211
451,1,0.306007,0.000169
452,1,0.306299,0.000135
453,1,0.306477,0.000108
454,1,0.306550,0.000086
455,1,0.306530,0.000069
456,1,0.306425,0.000167
457,1,0.306243,0.000491
458,1,0.305994,0.000946
459,1,0.305683,0.001461
460,1,0.305316,0.001989
461,1,0.304900,0.002497
462,1,0.304440,0.002963
463,1,0.303941,0.003376
464,1,0.303407,0.003730
465,1,0.302841,0.004022
466,1,0.302247,0.004255
467,1,0.301629,0.004430
468,1,0.300989,0.004554
469,1,0.300329,0.004631
470,1,0.299653,0.004667
471,1,0.298962,0.004668
472,1,0.298259,0.004637
473,1,0.297544,0.004582
474,1,0.296819,0.004505
475,1,0.296087,0.004412
476,1,0.295347,0.004307
477,1,0.294602,0.004191
478,0,0.293852,0.003353
479,1,0.294117,0.002682
480,1,0.294278,0.002146
481,1,0.294344,0.001717
482,1,0.294325,0.001373
483,1,0.294229,0.001099
484,1,0.294064,0.000879
485,1,0.293837,0.000703
486,1,0.293554,0.000720
487,1,0.293221,0.000908
488,1,0.292843,0.001197
489,1,0.292425,0.001536
490,1,0.291971,0.001890
491,1,0.291485,0.002234
492,1,0.290970,0.002553
493,1,0.290431,0.002838
494,1,0.289868,0.003082
495,1,0.289286,0.003285
496,1,0.288686,0.003448
497,1,0.288071,0.003572
498,1,0.287442,0.003659
499,1,0.286802,0.003715
500,1,0.286151,0.003741
501,1,0.285491,0.003743
502,1,0.284824,0.003723
503,1,0.284150,0.003685
504,1,0.283471,0.003633
505,1,0.282787,0.003569
506,1,0.282099,0.003495
507,1,0.281409,0.003414
508,1,0.280716,0.003328
509,1,0.280022,0.003239
510,1,0.279326,0.003148
511,1,0.278630,0.003056
512,1,0.277934,0.002964
513,1,0.277238,0.002873
514,1,0.276542,0.002784
515,1,0.275847,0.002697
516,1,0.275154,0.002612
517,1,0.274462,0.002531
518,1,0.273771,0.002452
519,1,0.273082,0.002377
520,1,0.272396,0.002305
521,1,0.271711,0.002236
522,1,0.271029,0.002170
523,1,0.270349,0.002107
524,1,0.269672,0.002048
525,1,0.268997,0.001991
526,1,0.268325,0.001938
527,1,0.267656,0.001887
528,1,0.266990,0.001838
529,1,0.266327,0.001792
530,1,0.265666,0.001748
531,1,0.265009,0.001706
532,1,0.264355,0.001667
533,1,0.263704,0.001629
534,1,0.263056,0.001593
535,1,0.262411,0.001558
536,0,0.261769,0.001246
537,1,0.262037,0.000997
538,1,0.262217,0.000798
539,1,0.262318,0.000638
540,1,0.262349,0.000511
541,1,0.262315,0.000408
542,1,0.262223,0.000327
543,1,0.262080,0.000261
544,1,0.261889,0.000209
545,1,0.261657,0.000227
546,1,0.261386,0.000398
547,1,0.261082,0.000660
548,1,0.260748,0.000966
549,1,0.260387,0.001286
550,0,0.260002,0.001029
551,1,0.260473,0.000823
552,1,0.260839,0.000659
553,1,0.261110,0.000527
554,1,0.261293,0.000422
555,1,0.261399,0.000337
556,1,0.261434,0.000270
557,1,0.261405,0.000246
558,1,0.261319,0.000455
559,1,0.261182,0.000804
560,1,0.260998,0.001225
561,1,0.260772,0.001670
562,1,0.260509,0.002107
563,1,0.260213,0.002514
564,1,0.259886,0.002878
565,1,0.259533,0.003194
566,1,0.259156,0.003457
567,1,0.258757,0.003668
568,1,0.258339,0.003831
569,1,0.257905,0.003947
570,1,0.257455,0.004023
571,1,0.256992,0.004062
572,1,0.256517,0.004069
573,1,0.256032,0.004049
574,1,0.255539,0.004007
575,1,0.255037,0.003946
576,1,0.254528,0.003870
577,1,0.254013,0.003782
578,1,0.253494,0.003686
579,1,0.252970,0.003583
580,1,0.252442,0.003476
581,1,0.251911,0.003366
582,1,0.251378,0.003256
583,1,0.250843,0.003147
584,1,0.250306,0.003039
585,1,0.249768,0.002933
586,1,0.249230,0.002830
587,1,0.248691,0.002730
588,1,0.248152,0.002635
589,1,0.247613,0.002543
590,1,0.247074,0.002456
591,1,0.246536,0.002372
592,1,0.245999,0.002293
593,1,0.245462,0.002218
594,1,0.244927,0.002147
595,1,0.244393,0.002079
596,1,0.243860,0.002016
597,1,0.243328,0.001956
598,1,0.242799,0.001900
599,1,0.242270,0.001846
600,1,0.241744,0.001796
601,1,0.241219,0.001748
602,1,0.240696,0.001703
603,1,0.240175,0.001661
604,1,0.239656,0.001620
605,1,0.239139,0.001582
606,1,0.238624,0.001546
607,1,0.238111,0.001511
608,1,0.237600,0.001478
609,1,0.237091,0.001447
610,1,0.236585,0.001417
611,1,0.236080,0.001388
612,1,0.235577,0.001360
613,1,0.235077,0.001333
614,1,0.234579,0.001307
615,1,0.234083,0.001282
616,1,0.233589,0.001258
617,1,0.233097,0.001235
618,1,0.232608,0.001212
619,1,0.232120,0.001190
620,1,0.231635,0.001168
621,1,0.231152,0.001147
622,1,0.230671,0.001126
623,1,0.230193,0.001106
624,1,0.229716,0.001086
625,1,0.229242,0.001067
626,1,0.228769,0.001048
627,1,0.228299,0.001029
628,1,0.227831,0.001011
629,1,0.227365,0.000992
630,1,0.226902,0.000975
631,1,0.226440,0.000957
632,1,0.225980,0.000939
633,1,0.225523,0.000922
634,1,0.225067,0.000905
635,1,0.224614,0.000889
636,1,0.224163,0.000872
637,1,0.223713,0.000856
638,1,0.223266,0.000840
639,1,0.222821,0.000824
640,1,0.222378,0.000809
641,1,0.221936,0.000793
642,1,0.221497,0.000778
643,1,0.221060,0.000763
644,1,0.220624,0.000748
645,1,0.220191,0.000734
646,1,0.219759,0.000719
647,1,0.219330,0.000705
648,1,0.218902,0.000691
649,1,0.218476,0.000677
650,1,0.218053,0.000664
651,1,0.217631,0.000650
652,1,0.217210,0.000637
653,1,0.216792,0.000624
654,1,0.216376,0.000612
655,1,0.215961,0.000599
656,1,0.215548,0.000587
657,1,0.215137,0.000574
658,1,0.214728,0.000563
659,1,0.214320,0.000551
660,1,0.213915,0.000539
661,1,0.213511,0.000528
662,1,0.213109,0.000517
663,1,0.212708,0.000506
664,1,0.212309,0.000495
665,1,0.211912,0.000484
666,1,0.211517,0.000474
667,1,0.211123,0.000464
668,1,0.210731,0.000453
669,1,0.210341,0.000444
670,1,0.209952,0.000434
671,1,0.209565,0.000424
672,1,0.209180,0.000415
673,1,0.208796,0.000406
674,1,0.208414,0.000397
675,1,0.208034,0.000388
676,1,0.207655,0.000379
677,1,0.207277,0.000371
678,1,0.206902,0.000363
679,1,0.206527,0.000355
680,1,0.206155,0.000347
681,1,0.205783,0.000339
682,1,0.205414,0.000331
683,1,0.205046,0.000324
684,1,0.204679,0.000316
685,1,0.204314,0.000309
686,0,0.203950,0.000247
687,1,0.204269,0.000198
688,1,0.204522,0.000158
689,1,0.204715,0.000127
690,1,0.204854,0.000101
691,1,0.204944,0.000081
692,1,0.204990,0.000065
693,1,0.204996,0.000052
694,1,0.204966,0.000041
695,1,0.204904,0.000033
696,1,0.204812,0.000037
697,1,0.204695,0.000170
698,1,0.204554,0.000380
699,1,0.204391,0.000628
700,1,0.204210,0.000886
701,1,0.204012,0.001137
702,1,0.203798,0.001368
703,1,0.203571,0.001573
704,1,0.203332,0.001747
705,1,0.203082,0.001891
706,1,0.202822,0.002005
707,1,0.202554,0.002089
708,1,0.202278,0.002148
709,1,0.201996,0.002183
710,1,0.201707,0.002197
711,1,0.201413,0.002193
712,1,0.201115,0.002175
713,1,0.200812,0.002144
714,1,0.200506,0.002104
715,1,0.200197,0.002055
716,1,0.199885,0.002001
717,1,0.199571,0.001942
718,0,0.199256,0.001554
719,1,0.199587,0.001243
720,1,0.199853,0.000994
721,1,0.200059,0.000796
722,1,0.200212,0.000636
723,1,0.200316,0.000509
724,1,0.200376,0.000407
725,1,0.200397,0.000326
726,1,0.200383,0.000261
727,1,0.200336,0.000234
728,1,0.200260,0.000365
729,0,0.200159,0.000292
730,1,0.200672,0.000234
731,1,0.201102,0.000187
732,1,0.201457,0.000150
733,1,0.201743,0.000120
734,1,0.201968,0.000096
735,1,0.202136,0.000077
736,1,0.202255,0.000061
737,1,0.202327,0.000260
738,1,0.202359,0.000610
739,1,0.202353,0.001038
740,1,0.202314,0.001494
741,1,0.202245,0.001944
742,1,0.202149,0.002365
743,1,0.202029,0.002743
744,1,0.201887,0.003072
745,1,0.201725,0.003347
746,1,0.201546,0.003570
747,1,0.201351,0.003743
748,1,0.201141,0.003869
749,1,0.200919,0.003953
750,1,0.200686,0.004001
751,1,0.200442,0.004017
752,1,0.200190,0.004005
753,1,0.199929,0.003970
754,1,0.199661,0.003917
755,1,0.199387,0.003849
756,1,0.199107,0.003769
757,1,0.198822,0.003681
758,1,0.198533,0.003586
759,1,0.198240,0.003487
760,1,0.197943,0.003386
761,1,0.197644,0.003285
762,1,0.197342,0.003184
763,1,0.197038,0.003084
764,1,0.196731,0.002987
765,1,0.196423,0.002892
766,1,0.196114,0.002801
767,1,0.195804,0.002713
768,1,0.195492,0.002629
769,1,0.195180,0.002549
770,1,0.194868,0.002473
771,1,0.194555,0.002401
772,1,0.194241,0.002332
773,1,0.193928,0.002268
774,1,0.193614,0.002206
775,1,0.193301,0.002148
776,1,0.192987,0.002093
777,1,0.192674,0.002041
778,1,0.192361,0.001992
779,1,0.192049,0.001945
780,1,0.191737,0.001901
781,1,0.191426,0.001859
782,1,0.191115,0.001819
783,1,0.190805,0.001780
784,1,0.190495,0.001744
785,1,0.190186,0.001708
786,1,0.189878,0.001675
787,1,0.189570,0.001642
788,1,0.189264,0.001610
789,1,0.188958,0.001580
790,1,0.188653,0.001550
791,1,0.188348,0.001522
792,1,0.188045,0.001494
793,1,0.187742,0.001466
794,1,0.187441,0.001439
795,1,0.187140,0.001413
796,1,0.186840,0.001387
797,1,0.186541,0.001362
798,1,0.186243,0.001337
799,1,0.185946,0.001313
800,1,0.185650,0.001288
801,1,0.185355,0.001264
802,1,0.185060,0.001241
803,1,0.184767,0.001217
804,1,0.184475,0.001194
805,1,0.184183,0.001172
806,1,0.183893,0.001149
807,1,0.183603,0.001127
808,1,0.183315,0.001105
809,1,0.183027,0.001083
810,1,0.182740,0.001061
811,1,0.182455,0.001040
812,1,0.182170,0.001019
813,1,0.181886,0.000998
814,1,0.181603,0.000977
815,1,0.181321,0.000957
816,1,0.181040,0.000937
817,1,0.180760,0.000917
818,1,0.180481,0.000897
819,1,0.180203,0.000877
820,1,0.179926,0.000858
821,1,0.179650,0.000839
822,1,0.179375,0.000821
823,1,0.179100,0.000802
824,1,0.178827,0.000784
825,1,0.178554,0.000766
826,1,0.178283,0.000749
827,1,0.178012,0.000732
828,1,0.177742,0.000715
829,1,0.177474,0.000698
830,1,0.177206,0.000681
831,1,0.176939,0.000665
832,1,0.176673,0.000649
833,1,0.176407,0.000634
834,1,0.176143,0.000618
835,1,0.175880,0.000603
836,1,0.175617,0.000588
837,1,0.175355,0.000574
838,1,0.175095,0.000560
839,1,0.174835,0.000546
840,1,0.174576,0.000532
841,1,0.174317,0.000519
842,1,0.174060,0.000506
843,1,0.173804,0.000493
844,1,0.173548,0.000480
845,1,0.173293,0.000468
846,1,0.173039,0.000456
847,1,0.172786,0.000444
848,1,0.172534,0.000432
849,1,0.172283,0.000421
850,1,0.172032,0.000410
851,1,0.171782,0.000399
852,1,0.171533,0.000389
853,1,0.171285,0.000378
854,1,0.171038,0.000368
855,1,0.170791,0.000359
856,1,0.170546,0.000349
857,1,0.170301,0.000340
858,1,0.170057,0.000330
859,1,0.169813,0.000321
860,1,0.169571,0.000313
861,1,0.169329,0.000304
862,1,0.169088,0.000296
863,1,0.168848,0.000288
864,1,0.168609,0.000280
865,1,0.168370,0.000272
866,1,0.168132,0.000265
867,1,0.167895,0.000257
868,1,0.167659,0.000250
869,1,0.167423,0.000243
870,1,0.167188,0.000236
871,1,0.166954,0.000230
872,1,0.166721,0.000223
873,1,0.166488,0.000217
874,1,0.166256,0.000211
875,1,0.166025,0.000205
876,1,0.165794,0.000199
877,1,0.165565,0.000194
878,1,0.165336,0.000188
879,1,0.165107,0.000183
880,1,0.164880,0.000177
881,1,0.164653,0.000172
882,1,0.164427,0.000167
883,1,0.164201,0.000163
884,1,0.163977,0.000158
885,1,0.163753,0.000153
886,1,0.163529,0.000149
887,1,0.163307,0.000145
888,1,0.163085,0.000140
889,1,0.162863,0.000136
890,1,0.162643,0.000132
891,1,0.162423,0.000128
892,1,0.162203,0.000125
893,1,0.161985,0.000121
894,1,0.161767,0.000117
895,1,0.161549,0.000114
896,1,0.161333,0.000111
897,1,0.161117,0.000107
898,1,0.160901,0.000104
899,1,0.160687,0.000101
900,1,0.160473,0.000098
901,1,0.160259,0.000095
902,1,0.160047,0.000092
903,1,0.159834,0.000090
904,1,0.159623,0.000087
905,1,0.159412,0.000084
906,1,0.159202,0.000082
907,1,0.158992,0.000079
908,1,0.158783,0.000077
909,1,0.158575,0.000075
910,1,0.158367,0.000072
911,1,0.158160,0.000070
912,1,0.157953,0.000068
913,1,0.157747,0.000066
914,1,0.157542,0.000064
915,1,0.157337,0.000062
916,1,0.157133,0.000060
917,1,0.156930,0.000058
918,1,0.156727,0.000057
919,1,0.156524,0.000055
920,1,0.156323,0.000053
921,1,0.156121,0.000051
922,1,0.155921,0.000050
923,1,0.155721,0.000048
924,1,0.155521,0.000047
925,1,0.155322,0.000045
926,1,0.155124,0.000044
927,1,0.154926,0.000043
928,1,0.154729,0.000041
929,1,0.154532,0.000040
930,1,0.154336,0.000039
931,1,0.154141,0.000038
932,1,0.153946,0.000036
933,1,0.153752,0.000035
934,1,0.153558,0.000034
935,1,0.153364,0.000033
936,0,0.153172,0.000026
937,1,0.153468,0.000021
938,1,0.153716,0.000017
939,1,0.153922,0.000014
940,1,0.154088,0.000011
941,1,0.154219,0.000009
942,1,0.154318,0.000007
943,1,0.154388,0.000006
944,1,0.154432,0.000004
945,1,0.154452,0.000004
946,1,0.154451,0.000003
947,1,0.154432,0.000068
948,1,0.154395,0.000223
949,1,0.154342,0.000427
950,1,0.154276,0.000650
951,1,0.154198,0.000873
952,1,0.154108,0.001084
953,1,0.154008,0.001273
954,1,0.153898,0.001438
955,1,0.153781,0.001575
956,1,0.153657,0.001686
957,1,0.153526,0.001771
958,1,0.153389,0.001833
959,1,0.153247,0.001873
960,1,0.153100,0.001895
961,1,0.152950,0.001900
962,1,0.152795,0.001893
963,1,0.152637,0.001874
964,1,0.152477,0.001846
965,1,0.152313,0.001811
966,1,0.152148,0.001771
967,1,0.151980,0.001727
968,1,0.151811,0.001680
969,1,0.151640,0.001632
970,1,0.151468,0.001584
971,1,0.151295,0.001536
972,1,0.151120,0.001488
973,1,0.150945,0.001442
974,1,0.150769,0.001397
975,1,0.150592,0.001354
976,1,0.150415,0.001313
977,1,0.150238,0.001274
978,1,0.150060,0.001237
979,1,0.149882,0.001202
980,1,0.149703,0.001169
981,1,0.149525,0.001138
982,1,0.149346,0.001109
983,1,0.149168,0.001082
984,1,0.148989,0.001057
985,1,0.148811,0.001033
986,1,0.148633,0.001010
987,1,0.148455,0.000989
988,1,0.148277,0.000969
989,1,0.148099,0.000950
990,1,0.147921,0.000932
991,1,0.147744,0.000915
992,1,0.147567,0.000899
993,1,0.147390,0.000883
994,1,0.147213,0.000868
995,1,0.147037,0.000853
996,1,0.146861,0.000839
997,1,0.146686,0.000825
998,1,0.146511,0.000812
999,1,0.146336,0.000798
1000,1,0.146161,0.000785
1001,1,0.145987,0.000772
1002,1,0.145814,0.000760
1003,1,0.145640,0.000747
1004,1,0.145467,0.000734
1005,1,0.145295,0.000722
1006,1,0.145123,0.000709
1007,1,0.144951,0.000697
1008,1,0.144780,0.000684
1009,1,0.144609,0.000672
1010,1,0.144438,0.000660
1011,1,0.144268,0.000647
1012,1,0.144098,0.000635
1013,1,0.143929,0.000623
1014,1,0.143760,0.000610
1015,1,0.143592,0.000598
1016,1,0.143424,0.000586
1017,1,0.143256,0.000574
1018,1,0.143089,0.000562
1019,1,0.142922,0.000549
1020,1,0.142756,0.000537
1021,1,0.142590,0.000525
1022,1,0.142424,0.000514
1023,1,0.142259,0.000502
1024,1,0.142094,0.000490
1025,1,0.141930,0.000479
1026,1,0.141766,0.000467
1027,1,0.141602,0.000456
1028,1,0.141439,0.000445
1029,1,0.141277,0.000433
1030,1,0.141114,0.000422
1031,1,0.140952,0.000412
1032,1,0.140791,0.000401
1033,1,0.140630,0.000390
1034,1,0.140469,0.000380
1035,1,0.140309,0.000370
1036,1,0.140149,0.000360
1037,1,0.139990,0.000350
1038,1,0.139831,0.000340
1039,1,0.139672,0.000331
1040,1,0.139514,0.000321
1041,1,0.139356,0.000312
1042,1,0.139198,0.000303
1043,1,0.139041,0.000295
1044,1,0.138885,0.000286
1045,1,0.138728,0.000277
1046,1,0.138572,0.000269
1047,1,0.138417,0.000261
1048,1,0.138262,0.000253
1049,1,0.138107,0.000246
1050,1,0.137952,0.000238
1051,1,0.137798,0.000231
1052,1,0.137645,0.000223
1053,1,0.137491,0.000216
1054,1,0.137339,0.000210
1055,1,0.137186,0.000203
1056,1,0.137034,0.000197
1057,1,0.136882,0.000190
1058,1,0.136731,0.000184
1059,1,0.136580,0.000178
1060,1,0.136429,0.000172
1061,1,0.136279,0.000167
1062,1,0.136129,0.000161
1063,1,0.135979,0.000156
1064,1,0.135830,0.000151
1065,1,0.135681,0.000146
1066,1,0.135533,0.000141
1067,1,0.135385,0.000136
1068,1,0.135237,0.000131
1069,1,0.135089,0.000127
1070,1,0.134942,0.000122
1071,1,0.134796,0.000118
1072,1,0.134649,0.000114
1073,1,0.134503,0.000110
1074,1,0.134358,0.000106
1075,0,0.134212,0.000085
1076,1,0.134489,0.000068
1077,1,0.134724,0.000054
1078,1,0.134923,0.000044
1079,1,0.135087,0.000035
1080,1,0.135221,0.000028
1081,1,0.135327,0.000022
1082,1,0.135408,0.000018
1083,1,0.135467,0.000014
1084,1,0.135505,0.000011
1085,1,0.135525,0.000009
1086,1,0.135529,0.000059
1087,1,0.135517,0.000200
1088,1,0.135493,0.000391
1089,1,0.135456,0.000604
1090,1,0.135408,0.000819
1091,1,0.135351,0.001022
1092,1,0.135285,0.001206
1093,1,0.135211,0.001366
1094,1,0.135130,0.001501
1095,1,0.135043,0.001610
1096,1,0.134950,0.001695
1097,1,0.134851,0.001758
1098,1,0.134749,0.001800
1099,1,0.134642,0.001825
1100,1,0.134531,0.001835
1101,1,0.134417,0.001831
1102,1,0.134301,0.001818
1103,1,0.134181,0.001796
1104,1,0.134060,0.001767
1105,1,0.133936,0.001733
1106,1,0.133811,0.001696
1107,1,0.133683,0.001657
1108,1,0.133555,0.001616
1109,1,0.133425,0.001575
1110,1,0.133294,0.001533
1111,1,0.133162,0.001493
1112,1,0.133029,0.001453
1113,1,0.132896,0.001415
1114,1,0.132762,0.001379
1115,1,0.132627,0.001344
1116,1,0.132492,0.001311
1117,1,0.132356,0.001280
1118,1,0.132220,0.001250
1119,1,0.132084,0.001223
1120,1,0.131947,0.001196
1121,1,0.131811,0.001172
1122,1,0.131674,0.001149
1123,1,0.131537,0.001127
1124,1,0.131401,0.001106
1125,1,0.131264,0.001087
1126,1,0.131127,0.001068
1127,1,0.130990,0.001051
1128,1,0.130853,0.001034
1129,1,0.130717,0.001017
1130,1,0.130580,0.001001
1131,1,0.130444,0.000986
1132,1,0.130308,0.000971
1133,1,0.130172,0.000956
1134,1,0.130036,0.000942
1135,1,0.129900,0.000927
1136,1,0.129765,0.000913
1137,1,0.129629,0.000899
1138,1,0.129494,0.000885
1139,1,0.129359,0.000871
1140,1,0.129225,0.000857
1141,1,0.129090,0.000843
1142,1,0.128956,0.000829
1143,1,0.128822,0.000814
1144,1,0.128689,0.000800
1145,1,0.128555,0.000786
1146,1,0.128422,0.000771
1147,1,0.128289,0.000757
1148,1,0.128156,0.000742
1149,1,0.128024,0.000728
1150,1,0.127892,0.000713
1151,1,0.127760,0.000699
1152,1,0.127628,0.000684
1153,1,0.127497,0.000669
1154,1,0.127366,0.000655
1155,1,0.127235,0.000640
1156,1,0.127105,0.000626
1157,1,0.126975,0.000611
1158,1,0.126845,0.000597
1159,1,0.126715,0.000582
1160,1,0.126586,0.000568
1161,1,0.126457,0.000554
1162,1,0.126328,0.000540
1163,1,0.126199,0.000526
1164,1,0.126071,0.000512
1165,1,0.125943,0.000498
1166,1,0.125815,0.000485
1167,1,0.125688,0.000471
1168,1,0.125561,0.000458
1169,1,0.125434,0.000445
1170,1,0.125307,0.000433
1171,1,0.125181,0.000420
1172,1,0.125055,0.000408
1173,1,0.124929,0.000396
1174,1,0.124803,0.000384
1175,1,0.124678,0.000372
1176,1,0.124553,0.000361
1177,1,0.124428,0.000349
1178,1,0.124304,0.000338
1179,1,0.124180,0.000328
1180,1,0.124056,0.000317
1181,1,0.123932,0.000307
1182,1,0.123809,0.000297
1183,1,0.123686,0.000287
1184,1,0.123563,0.000277
1185,1,0.123440,0.000268
1186,1,0.123318,0.000259
1187,1,0.123196,0.000250
1188,1,0.123074,0.000241
1189,1,0.122953,0.000233
1190,1,0.122831,0.000225
1191,1,0.122710,0.000217
1192,1,0.122590,0.000209
1193,1,0.122469,0.000202
1194,1,0.122349,0.000194
1195,1,0.122229,0.000187
1196,1,0.122109,0.000180
1197,1,0.121990,0.000174
1198,1,0.121870,0.000167
1199,1,0.121751,0.000161
1200,1,0.121633,0.000155
1201,1,0.121514,0.000149
1202,1,0.121396,0.000143
1203,1,0.121278,0.000138
1204,1,0.121160,0.000132
1205,1,0.121043,0.000127
1206,1,0.120926,0.000122
1207,0,0.120809,0.000098
1208,1,0.121070,0.000078
1209,1,0.121294,0.000063
1210,1,0.121485,0.000050
1211,1,0.121646,0.000040
1212,1,0.121779,0.000032
1213,1,0.121887,0.000026
1214,1,0.121973,0.000021
1215,1,0.122039,0.000016
1216,1,0.122087,0.000013
1217,1,0.122118,0.000011
1218,1,0.122134,0.000041
1219,1,0.122137,0.000166
1220,1,0.122128,0.000343
1221,1,0.122108,0.000544
1222,1,0.122079,0.000749
1223,1,0.122040,0.000945
1224,1,0.121994,0.001123
1225,1,0.121941,0.001280
1226,1,0.121881,0.001412
1227,1,0.121816,0.001521
1228,1,0.121745,0.001606
1229,1,0.121670,0.001670
1230,1,0.121591,0.001715
1231,1,0.121507,0.001744
1232,1,0.121421,0.001757
1233,1,0.121332,0.001759
1234,1,0.121240,0.001751
1235,1,0.121145,0.001735
1236,1,0.121049,0.001713
1237,1,0.120950,0.001686
1238,1,0.120850,0.001655
1239,1,0.120749,0.001623
1240,1,0.120646,0.001589
1241,1,0.120541,0.001555
1242,1,0.120436,0.001521
1243,1,0.120330,0.001487
1244,1,0.120223,0.001455
1245,1,0.120115,0.001423
1246,1,0.120007,0.001393
1247,1,0.119898,0.001365
1248,1,0.119788,0.001337
1249,1,0.119679,0.001312
1250,1,0.119568,0.001288
1251,1,0.119458,0.001265
1252,1,0.119347,0.001243
1253,1,0.119236,0.001223
1254,1,0.119125,0.001204
1255,1,0.119014,0.001185
1256,1,0.118903,0.001168
1257,1,0.118791,0.001151
1258,1,0.118680,0.001135
1259,1,0.118568,0.001119
1260,1,0.118457,0.001104
1261,1,0.118346,0.001089
1262,1,0.118234,0.001075
1263,1,0.118123,0.001060
1264,1,0.118012,0.001046
1265,1,0.117900,0.001031
1266,1,0.117789,0.001017
1267,1,0.117678,0.001002
1268,1,0.117568,0.000988
1269,1,0.117457,0.000973
1270,1,0.117346,0.000958
1271,1,0.117236,0.000943
1272,1,0.117126,0.000928
1273,1,0.117016,0.000912
1274,1,0.116906,0.000897
1275,1,0.116796,0.000881
1276,1,0.116686,0.000865
1277,1,0.116577,0.000849
1278,1,0.116468,0.000833
1279,1,0.116359,0.000816
1280,1,0.116250,0.000800
1281,1,0.116141,0.000783
1282,1,0.116033,0.000766
1283,1,0.115924,0.000749
1284,1,0.115816,0.000733
1285,1,0.115708,0.000716
1286,1,0.115601,0.000699
1287,1,0.115493,0.000682
1288,1,0.115386,0.000665
1289,1,0.115279,0.000648
1290,1,0.115172,0.000632
1291,1,0.115065,0.000615
1292,1,0.114959,0.000599
1293,1,0.114852,0.000582
1294,1,0.114746,0.000566
1295,1,0.114640,0.000550
1296,1,0.114535,0.000535
1297,1,0.114429,0.000519
1298,1,0.114324,0.000503
1299,1,0.114219,0.000488
1300,1,0.114114,0.000473
1301,1,0.114009,0.000459
1302,1,0.113905,0.000444
1303,1,0.113801,0.000430
1304,1,0.113696,0.000416
1305,1,0.113593,0.000402
1306,1,0.113489,0.000389
1307,1,0.113385,0.000376
1308,1,0.113282,0.000363
1309,1,0.113179,0.000350
1310,1,0.113076,0.000338
1311,1,0.112974,0.000326
1312,1,0.112871,0.000315
1313,1,0.112769,0.000303
1314,1,0.112667,0.000292
1315,1,0.112565,0.000281
1316,1,0.112463,0.000271
1317,1,0.112362,0.000261
1318,1,0.112261,0.000251
1319,1,0.112159,0.000241
1320,1,0.112059,0.000232
1321,1,0.111958,0.000223
1322,1,0.111857,0.000214
1323,1,0.111757,0.000206
1324,1,0.111657,0.000197
1325,1,0.111557,0.000189
1326,1,0.111457,0.000182
1327,1,0.111358,0.000174
1328,1,0.111258,0.000167
1329,1,0.111159,0.000160
1330,1,0.111060,0.000153
1331,1,0.110962,0.000147
1332,1,0.110863,0.000141
1333,1,0.110765,0.000134
1334,1,0.110666,0.000129
1335,1,0.110568,0.000123
1336,1,0.110470,0.000118
1337,1,0.110373,0.000112
1338,1,0.110275,0.000107
1339,1,0.110178,0.000103
1340,1,0.110081,0.000098
1341,1,0.109984,0.000093
1342,1,0.109887,0.000089
1343,1,0.109791,0.000085
1344,1,0.109694,0.000081
1345,1,0.109598,0.000077
1346,1,0.109502,0.000074
1347,1,0.109406,0.000070
1348,1,0.109311,0.000067
1349,1,0.109215,0.000064
1350,1,0.109120,0.000061
1351,1,0.109025,0.000058
1352,1,0.108930,0.000055
1353,1,0.108835,0.000052
1354,1,0.108741,0.000050
1355,1,0.108646,0.000047
1356,1,0.108552,0.000045
1357,1,0.108458,0.000042
1358,1,0.108364,0.000040
1359,1,0.108270,0.000038
1360,1,0.108177,0.000036
1361,1,0.108083,0.000034
1362,1,0.107990,0.000033
1363,1,0.107897,0.000031
1364,1,0.107804,0.000029
1365,1,0.107712,0.000028
1366,1,0.107619,0.000026
1367,1,0.107527,0.000025
1368,1,0.107435,0.000023
1369,1,0.107343,0.000022
1370,1,0.107251,0.000021
1371,1,0.107159,0.000020
1372,1,0.107068,0.000019
1373,1,0.106977,0.000018
1374,1,0.106885,0.000017
1375,1,0.106794,0.000016
1376,1,0.106704,0.000015
1377,1,0.106613,0.000014
1378,1,0.106522,0.000013
1379,1,0.106432,0.000012
1380,1,0.106342,0.000012
1381,1,0.106252,0.000011
1382,1,0.106162,0.000010
1383,1,0.106072,0.000010
1384,1,0.105983,0.000009
1385,1,0.105894,0.000008
1386,1,0.105804,0.000008
1387,1,0.105715,0.000007
1388,1,0.105626,0.000007
1389,1,0.105538,0.000006
1390,1,0.105449,0.000006
1391,1,0.105361,0.000005
1392,1,0.105272,0.000005
1393,1,0.105184,0.000005
1394,1,0.105096,0.000004
1395,1,0.105009,0.000004
1396,1,0.104921,0.000004
1397,1,0.104834,0.000003
1398,1,0.104746,0.000003
1399,1,0.104659,0.000003
1400,1,0.104572,0.000003
1401,1,0.104485,0.000002
1402,1,0.104399,0.000002
1403,1,0.104312,0.000002
1404,1,0.104226,0.000002
1405,1,0.104139,0.000002
1406,1,0.104053,0.000002
1407,1,0.103967,0.000001
1408,1,0.103882,0.000001
1409,1,0.103796,0.000001
1410,1,0.103711,0.000001
1411,1,0.103625,0.000001
1412,1,0.103540,0.000001
1413,1,0.103455,0.000001
1414,1,0.103370,0.000001
1415,1,0.103285,0.000001
1416,1,0.103201,0.000001
1417,1,0.103116,0.000001
1418,1,0.103032,0.000001
1419,1,0.102948,0.000001
1420,1,0.102864,0.000001
1421,1,0.102780,0.000000
1422,1,0.102696,0.000000
1423,1,0.102613,0.000000
1424,1,0.102529,0.000000
1425,1,0.102446,0.000000
1426,1,0.102363,0.000000
1427,1,0.102280,0.000000
1428,1,0.102197,0.000000
1429,1,0.102114,0.000000
1430,1,0.102032,0.000000
1431,1,0.101949,0.000000
1432,1,0.101867,0.000000
1433,1,0.101785,0.000000
1434,1,0.101703,0.000000
1435,1,0.101621,0.000000
1436,1,0.101539,0.000000
1437,1,0.101457,0.000000
1438,1,0.101376,0.000000
1439,1,0.101295,0.000000
1440,1,0.101213,0.000000
1441,1,0.101132,0.000000
1442,1,0.101051,0.000000
1443,1,0.100971,0.000000
1444,1,0.100890,0.000000
1445,1,0.100809,0.000000
1446,1,0.100729,0.000000
1447,1,0.100649,0.000000
1448,1,0.100569,0.000000
1449,1,0.100489,0.000000
1450,1,0.100409,0.000000
1451,1,0.100329,0.000000
1452,1,0.100250,0.000000
1453,1,0.100170,0.000000
1454,1,0.100091,0.000000
1455,1,0.100012,0.000000
1456,1,0.099933,0.000000
1457,1,0.099854,0.000000
1458,1,0.099775,0.000000
1459,1,0.099696,0.000000
1460,1,0.099618,0.000000
1461,0,0.099539,0.000000
1462,1,0.099770,0.000000
1463,1,0.099970,0.000000
1464,1,0.100144,0.000000
1465,1,0.100292,0.000000
1466,1,0.100418,0.000000
1467,1,0.100523,0.000000
1468,1,0.100611,0.000000
1469,1,0.100682,0.000000
1470,1,0.100738,0.000000
1471,1,0.100780,0.000000
1472,1,0.100811,0.000000
1473,1,0.100830,0.000077
1474,1,0.100840,0.000215
1475,1,0.100841,0.000385
1476,1,0.100834,0.000566
1477,1,0.100820,0.000743
1478,1,0.100799,0.000908
1479,1,0.100772,0.001056
1480,1,0.100741,0.001184
1481,1,0.100704,0.001291
1482,1,0.100663,0.001379
1483,1,0.100619,0.001448
1484,1,0.100571,0.001501
1485,1,0.100520,0.001539
1486,1,0.100466,0.001564
1487,1,0.100410,0.001579
1488,1,0.100351,0.001586
1489,1,0.100291,0.001585
1490,1,0.100228,0.001579
1491,1,0.100165,0.001569
1492,1,0.100099,0.001556
1493,1,0.100032,0.001541
1494,1,0.099965,0.001525
1495,1,0.099896,0.001508
1496,1,0.099826,0.001491
1497,1,0.099755,0.001474
1498,1,0.099684,0.001458
1499,1,0.099612,0.001442
1500,1,0.099539,0.001427
1501,1,0.099466,0.001413
1502,1,0.099392,0.001399
1503,1,0.099318,0.001387
1504,1,0.099243,0.001375
1505,1,0.099169,0.001363
1506,1,0.099094,0.001352
1507,0,0.099018,0.001081
1508,1,0.099249,0.000865
1509,1,0.099450,0.000692
1510,1,0.099623,0.000554
1511,1,0.099771,0.000443
1512,1,0.099897,0.000354
1513,1,0.100003,0.000283
1514,1,0.100090,0.000227
1515,1,0.100161,0.000181
1516,1,0.100217,0.000145
1517,1,0.100260,0.000197
1518,1,0.100291,0.000357
1519,1,0.100311,0.000579
1520,1,0.100321,0.000827
1521,1,0.100322,0.001080
1522,1,0.100315,0.001321
1523,1,0.100301,0.001543
1524,1,0.100281,0.001739
1525,1,0.100254,0.001907
1526,1,0.100223,0.002047
1527,1,0.100187,0.002160
1528,1,0.100146,0.002248
1529,1,0.100102,0.002314
1530,1,0.100054,0.002360
1531,1,0.100003,0.002389
1532,1,0.099950,0.002403
1533,1,0.099893,0.002405
1534,1,0.099835,0.002397
1535,1,0.099774,0.002381
1536,1,0.099712,0.002359
1537,1,0.099648,0.002333
1538,1,0.099583,0.002303
1539,1,0.099516,0.002271
1540,1,0.099448,0.002237
1541,1,0.099379,0.002202
1542,1,0.099309,0.002167
1543,1,0.099238,0.002133
1544,1,0.099167,0.002098
1545,1,0.099094,0.002065
1546,1,0.099021,0.002032
1547,1,0.098948,0.002000
1548,1,0.098874,0.001969
1549,1,0.098799,0.001938
1550,1,0.098725,0.001909
1551,1,0.098650,0.001880
1552,1,0.098574,0.001852
1553,1,0.098499,0.001824
1554,1,0.098423,0.001797
1555,1,0.098347,0.001770
1556,1,0.098270,0.001743
1557,1,0.098194,0.001717
1558,1,0.098118,0.001690
1559,1,0.098041,0.001664
1560,1,0.097964,0.001637
1561,1,0.097888,0.001611
1562,1,0.097811,0.001584
1563,1,0.097734,0.001557
1564,1,0.097657,0.001530
1565,1,0.097581,0.001502
1566,1,0.097504,0.001474
1567,1,0.097427,0.001446
1568,1,0.097351,0.001418
1569,1,0.097274,0.001389
1570,1,0.097197,0.001360
1571,1,0.097121,0.001331
1572,1,0.097044,0.001302
1573,1,0.096968,0.001273
1574,1,0.096892,0.001243
1575,1,0.096815,0.001214
1576,1,0.096739,0.001184
1577,1,0.096663,0.001154
1578,1,0.096587,0.001124
1579,1,0.096511,0.001094
1580,1,0.096435,0.001065
1581,1,0.096360,0.001035
1582,1,0.096284,0.001006
1583,1,0.096209,0.000976
1584,1,0.096133,0.000947
1585,1,0.096058,0.000919
1586,1,0.095983,0.000890
1587,1,0.095908,0.000862
1588,1,0.095833,0.000834
1589,1,0.095758,0.000807
1590,1,0.095683,0.000780
1591,1,0.095608,0.000753
1592,1,0.095534,0.000727
1593,1,0.095459,0.000701
1594,1,0.095385,0.000676
1595,1,0.095311,0.000651
1596,1,0.095237,0.000627
1597,1,0.095163,0.000603
1598,1,0.095089,0.000580
1599,1,0.095015,0.000557
1600,1,0.094942,0.000535
1601,1,0.094868,0.000513
1602,1,0.094795,0.000492
1603,1,0.094722,0.000472
1604,1,0.094649,0.000452
1605,1,0.094576,0.000433
1606,1,0.094503,0.000414
1607,1,0.094430,0.000396
1608,1,0.094357,0.000378
1609,1,0.094285,0.000361
1610,1,0.094212,0.000345
1611,1,0.094140,0.000329
1612,1,0.094068,0.000314
1613,1,0.093996,0.000299
1614,1,0.093924,0.000284
1615,1,0.093852,0.000271
1616,1,0.093780,0.000257
1617,1,0.093709,0.000245
1618,1,0.093637,0.000232
1619,1,0.093566,0.000220
1620,1,0.093494,0.000209
1621,1,0.093423,0.000198
1622,1,0.093352,0.000187
1623,1,0.093281,0.000177
1624,1,0.093210,0.000167
1625,1,0.093140,0.000157
1626,1,0.093069,0.000147
1627,1,0.092999,0.000138
1628,1,0.092928,0.000129
1629,1,0.092858,0.000121
1630,1,0.092788,0.000113
1631,1,0.092718,0.000105
1632,1,0.092648,0.000097
1633,1,0.092578,0.000090
1634,1,0.092508,0.000084
1635,1,0.092439,0.000078
1636,1,0.092369,0.000072
1637,1,0.092300,0.000066
1638,1,0.092231,0.000061
1639,1,0.092162,0.000056
1640,1,0.092092,0.000052
1641,1,0.092024,0.000048
1642,1,0.091955,0.000044
1643,1,0.091886,0.000040
1644,1,0.091817,0.000037
1645,1,0.091749,0.000034
1646,1,0.091680,0.000031
1647,1,0.091612,0.000029
1648,1,0.091544,0.000027
1649,1,0.091476,0.000025
1650,1,0.091408,0.000023
1651,1,0.091340,0.000021
1652,1,0.091272,0.000019
1653,1,0.091205,0.000018
1654,1,0.091137,0.000016
1655,1,0.091070,0.000015
1656,1,0.091002,0.000014
1657,1,0.090935,0.000013
1658,1,0.090868,0.000012
1659,1,0.090801,0.000012
1660,1,0.090734,0.000011
1661,1,0.090667,0.000010
1662,1,0.090600,0.000010
1663,1,0.090534,0.000009
1664,1,0.090467,0.000009
1665,1,0.090401,0.000008
1666,1,0.090335,0.000008
1667,1,0.090268,0.000007
1668,1,0.090202,0.000007
1669,1,0.090136,0.000007
1670,1,0.090070,0.000006
1671,1,0.090005,0.000006
1672,1,0.089939,0.000006
1673,1,0.089873,0.000006
1674,1,0.089808,0.000005
1675,1,0.089742,0.000005
1676,1,0.089677,0.000005
1677,1,0.089612,0.000005
1678,1,0.089547,0.000005
1679,1,0.089482,0.000005
1680,1,0.089417,0.000004
1681,1,0.089352,0.000004
1682,1,0.089287,0.000004
1683,1,0.089223,0.000004
1684,1,0.089158,0.000004
1685,1,0.089094,0.000004
1686,1,0.089029,0.000004
1687,1,0.088965,0.000004
1688,0,0.088901,0.000003
1689,1,0.089120,0.000002
1690,1,0.089312,0.000002
1691,1,0.089478,0.000001
1692,1,0.089622,0.000001
1693,1,0.089746,0.000001
1694,1,0.089850,0.000001
1695,1,0.089938,0.000001
1696,1,0.090011,0.000000
1697,1,0.090070,0.000000
1698,1,0.090117,0.000000
1699,1,0.090153,0.000000
1700,1,0.090179,0.000048
1701,1,0.090196,0.000163
1702,1,0.090204,0.000314
1703,1,0.090206,0.000479
1704,1,0.090200,0.000645
1705,1,0.090189,0.000801
1706,1,0.090173,0.000943
1707,1,0.090152,0.001068
1708,1,0.090126,0.001175
1709,1,0.090097,0.001264
1710,1,0.090064,0.001336
1711,1,0.090027,0.001393
1712,1,0.089988,0.001437
1713,1,0.089947,0.001470
1714,1,0.089903,0.001493
1715,1,0.089857,0.001508
1716,1,0.089809,0.001518
1717,1,0.089760,0.001522
1718,1,0.089709,0.001523
1719,1,0.089656,0.001521
1720,1,0.089603,0.001517
1721,1,0.089548,0.001511
1722,1,0.089493,0.001506
1723,1,0.089436,0.001499
1724,1,0.089379,0.001493
1725,1,0.089321,0.001487
1726,1,0.089262,0.001481
1727,1,0.089203,0.001475
1728,1,0.089143,0.001470
1729,1,0.089083,0.001465
1730,1,0.089022,0.001460
1731,1,0.088961,0.001455
1732,1,0.088900,0.001450
1733,1,0.088838,0.001444
1734,1,0.088777,0.001439
1735,1,0.088715,0.001433
1736,1,0.088652,0.001426
1737,1,0.088590,0.001419
1738,1,0.088527,0.001411
1739,1,0.088465,0.001402
1740,1,0.088402,0.001392
1741,1,0.088339,0.001382
1742,1,0.088276,0.001370
1743,1,0.088213,0.001358
1744,1,0.088150,0.001344
1745,1,0.088087,0.001330
1746,1,0.088024,0.001314
1747,1,0.087961,0.001297
1748,1,0.087898,0.001280
1749,1,0.087835,0.001261
1750,1,0.087772,0.001242
1751,1,0.087710,0.001222
1752,1,0.087647,0.001200
1753,1,0.087584,0.001179
1754,1,0.087521,0.001156
1755,1,0.087458,0.001133
1756,1,0.087395,0.001109
1757,1,0.087333,0.001084
1758,1,0.087270,0.001059
1759,1,0.087207,0.001034
1760,1,0.087145,0.001009
1761,1,0.087082,0.000983
1762,1,0.087020,0.000957
1763,1,0.086958,0.000930
1764,1,0.086896,0.000904
1765,1,0.086833,0.000878
1766,1,0.086771,0.000851
1767,1,0.086709,0.000825
1768,1,0.086647,0.000799
1769,1,0.086586,0.000773
1770,1,0.086524,0.000747
1771,1,0.086462,0.000721
1772,1,0.086401,0.000696
1773,1,0.086339,0.000671
1774,1,0.086278,0.000646
1775,1,0.086216,0.000622
1776,1,0.086155,0.000598
1777,1,0.086094,0.000575
1778,1,0.086033,0.000552
1779,1,0.085972,0.000529
1780,1,0.085911,0.000507
1781,1,0.085850,0.000486
1782,1,0.085789,0.000465
1783,1,0.085729,0.000445
1784,1,0.085668,0.000425
1785,1,0.085608,0.000406
1786,1,0.085547,0.000387
1787,1,0.085487,0.000369
1788,1,0.085427,0.000351
1789,1,0.085367,0.000333
1790,1,0.085307,0.000316
1791,1,0.085247,0.000299
1792,1,0.085187,0.000282
1793,1,0.085127,0.000266
1794,1,0.085067,0.000250
1795,1,0.085008,0.000234
1796,1,0.084948,0.000219
1797,1,0.084889,0.000205
1798,1,0.084829,0.000191
1799,1,0.084770,0.000178
1800,1,0.084711,0.000165
1801,1,0.084652,0.000153
1802,1,0.084593,0.000142
1803,1,0.084534,0.000131
1804,1,0.084475,0.000121
1805,1,0.084416,0.000112
1806,1,0.084358,0.000103
1807,1,0.084299,0.000095
1808,1,0.084241,0.000088
1809,1,0.084182,0.000081
1810,1,0.084124,0.000074
1811,1,0.084066,0.000068
1812,1,0.084007,0.000063
1813,1,0.083949,0.000058
1814,1,0.083891,0.000054
1815,1,0.083833,0.000049
1816,1,0.083776,0.000046
1817,1,0.083718,0.000042
1818,1,0.083660,0.000039
1819,1,0.083603,0.000036
1820,1,0.083545,0.000033
1821,1,0.083488,0.000031
1822,1,0.083430,0.000029
1823,1,0.083373,0.000027
1824,1,0.083316,0.000025
1825,1,0.083259,0.000024
1826,1,0.083202,0.000022
1827,1,0.083145,0.000021
1828,1,0.083088,0.000020
1829,1,0.083031,0.000019
1830,1,0.082974,0.000018
1831,1,0.082918,0.000017
1832,1,0.082861,0.000016
1833,1,0.082805,0.000015
1834,1,0.082748,0.000015
1835,1,0.082692,0.000014
1836,1,0.082636,0.000013
1837,1,0.082580,0.000013
1838,1,0.082524,0.000012
1839,1,0.082468,0.000012
1840,1,0.082412,0.000012
1841,1,0.082356,0.000011
1842,1,0.082300,0.000011
1843,1,0.082245,0.000010
1844,1,0.082189,0.000010
1845,1,0.082133,0.000010
1846,1,0.082078,0.000010
1847,1,0.082023,0.000009
1848,1,0.081967,0.000009
1849,1,0.081912,0.000009
1850,1,0.081857,0.000008
1851,1,0.081802,0.000008
1852,1,0.081747,0.000008
1853,1,0.081692,0.000008
1854,1,0.081637,0.000007
1855,1,0.081583,0.000007
1856,1,0.081528,0.000007
1857,1,0.081473,0.000007
1858,1,0.081419,0.000007
1859,1,0.081364,0.000006
1860,1,0.081310,0.000006
1861,1,0.081256,0.000006
1862,1,0.081201,0.000006
1863,1,0.081147,0.000006
1864,1,0.081093,0.000005
1865,1,0.081039,0.000005
1866,1,0.080985,0.000005
1867,1,0.080931,0.000005
1868,1,0.080878,0.000005
1869,0,0.080824,0.000004
1870,0,0.081032,0.000003
1871,1,0.081472,0.000002
1872,1,0.081865,0.000002
1873,1,0.082216,0.000002
1874,1,0.082527,0.000001
1875,1,0.082803,0.000001
1876,1,0.083047,0.000001
1877,1,0.083262,0.000001
1878,1,0.083450,0.000000
1879,1,0.083615,0.000000
1880,1,0.083758,0.000000
1881,1,0.083882,0.000000
1882,1,0.083989,0.000136
1883,1,0.084080,0.000379
1884,1,0.084157,0.000677
1885,1,0.084220,0.000993
1886,1,0.084273,0.001304
1887,1,0.084315,0.001594
1888,1,0.084347,0.001857
1889,1,0.084371,0.002087
1890,1,0.084387,0.002283
1891,1,0.084397,0.002448
1892,1,0.084400,0.002582
1893,1,0.084397,0.002691
1894,1,0.084389,0.002776
1895,1,0.084377,0.002842
1896,1,0.084360,0.002891
1897,1,0.084340,0.002927
1898,1,0.084316,0.002953
1899,1,0.084289,0.002971
1900,1,0.084259,0.002983
1901,0,0.084227,0.002386
1902,1,0.084455,0.001909
1903,1,0.084655,0.001527
1904,1,0.084830,0.001222
1905,1,0.084983,0.000977
1906,1,0.085115,0.000782
1907,1,0.085228,0.000626
1908,1,0.085325,0.000500
1909,1,0.085406,0.000484
1910,1,0.085474,0.000644
1911,1,0.085530,0.000913
1912,1,0.085575,0.001238
1913,1,0.085609,0.001585
1914,1,0.085634,0.001930
1915,1,0.085652,0.002257
1916,1,0.085661,0.002557
1917,1,0.085664,0.002824
1918,1,0.085661,0.003057
1919,1,0.085653,0.003256
1920,1,0.085640,0.003422
1921,1,0.085622,0.003557
1922,1,0.085600,0.003665
1923,1,0.085574,0.003748
1924,1,0.085545,0.003810
1925,1,0.085513,0.003853
1926,1,0.085478,0.003879
1927,1,0.085440,0.003893
1928,1,0.085401,0.003895
1929,1,0.085359,0.003887
1930,1,0.085315,0.003872
1931,1,0.085270,0.003850
1932,1,0.085223,0.003823
1933,1,0.085175,0.003792
1934,1,0.085126,0.003757
1935,1,0.085075,0.003720
1936,1,0.085023,0.003680
1937,1,0.084971,0.003638
1938,1,0.084917,0.003595
1939,1,0.084863,0.003550
1940,1,0.084808,0.003504
1941,1,0.084752,0.003457
1942,1,0.084696,0.003409
1943,1,0.084640,0.003360
1944,1,0.084582,0.003310
1945,1,0.084525,0.003259
1946,1,0.084467,0.003207
1947,1,0.084408,0.003155
1948,1,0.084350,0.003101
1949,1,0.084291,0.003047
1950,1,0.084232,0.002991
1951,1,0.084173,0.002935
1952,1,0.084113,0.002878
1953,1,0.084053,0.002820
1954,1,0.083994,0.002762
1955,1,0.083934,0.002703
1956,1,0.083874,0.002643
1957,1,0.083814,0.002582
1958,1,0.083754,0.002522
1959,1,0.083693,0.002460
1960,1,0.083633,0.002399
1961,1,0.083573,0.002337
1962,1,0.083513,0.002275
1963,1,0.083452,0.002213
1964,1,0.083392,0.002151
1965,1,0.083332,0.002089
1966,1,0.083272,0.002027
1967,1,0.083212,0.001966
1968,1,0.083151,0.001905
1969,1,0.083091,0.001844
1970,1,0.083031,0.001784
1971,1,0.082971,0.001724
1972,1,0.082911,0.001665
1973,1,0.082851,0.001607
1974,1,0.082791,0.001550
1975,1,0.082731,0.001493
1976,1,0.082672,0.001438
1977,1,0.082612,0.001383
1978,1,0.082552,0.001329
1979,1,0.082493,0.001277
1980,1,0.082433,0.001225
1981,1,0.082374,0.001175
1982,1,0.082315,0.001126
1983,1,0.082255,0.001078
1984,1,0.082196,0.001031
1985,1,0.082137,0.000986
1986,1,0.082078,0.000941
1987,1,0.082019,0.000898
1988,1,0.081960,0.000856
1989,1,0.081902,0.000815
1990,1,0.081843,0.000774
1991,1,0.081784,0.000734
1992,1,0.081726,0.000694
1993,1,0.081667,0.000655
1994,1,0.081609,0.000617
1995,1,0.081551,0.000580
1996,1,0.081493,0.000544
1997,1,0.081435,0.000509
1998,1,0.081377,0.000475
1999,1,0.081319,0.000443
2000,1,0.081261,0.000412
