condition,seed,total,post,ach_min,ach_max,ne_min,ne_max,fallback
classic,1,9074.0,-548.0,0.01,0.01,1.0,1.0,0.7513
classic,2,6148.0,-3496.0,0.01,0.01,1.0,1.0,0.8043
classic,3,6216.0,-3460.0,0.01,0.01,1.0,1.0,0.77135
classic,4,9762.0,138.0,0.01,0.01,1.0,1.0,0.741
classic,5,1286.0,-8384.0,0.01,0.01,1.0,1.0,0.79795
classic,6,8682.0,-952.0,0.01,0.01,1.0,1.0,0.747
classic,7,12636.0,3016.0,0.01,0.01,1.0,1.0,0.691
classic,8,10952.0,1268.0,0.01,0.01,1.0,1.0,0.7349
classic,9,3460.0,-6128.0,0.01,0.01,1.0,1.0,0.79595
classic,10,10360.0,716.0,0.01,0.01,1.0,1.0,0.74725
classic,11,5090.0,-4550.0,0.01,0.01,1.0,1.0,0.79635
classic,12,9658.0,32.0,0.01,0.01,1.0,1.0,0.7366
classic,13,13598.0,3966.0,0.01,0.01,1.0,1.0,0.7714
classic,14,8846.0,-744.0,0.01,0.01,1.0,1.0,0.74325
classic,15,10644.0,1000.0,0.01,0.01,1.0,1.0,0.74235
classic,16,4332.0,-5296.0,0.01,0.01,1.0,1.0,0.7911
classic,17,6630.0,-2970.0,0.01,0.01,1.0,1.0,0.74275
classic,18,8278.0,-1368.0,0.01,0.01,1.0,1.0,0.7415
classic,19,12694.0,3076.0,0.01,0.01,1.0,1.0,0.72395
classic,20,8340.0,-1290.0,0.01,0.01,1.0,1.0,0.69745
ace,1,16950.0,7102.0,0.01,0.05,0.376027,0.698973,0.70885
ace,2,17012.0,7108.0,0.01,0.05,0.376027,0.698939,0.84805
ace,3,16384.0,6496.0,0.01,0.05,0.376027,0.698948,0.79825
ace,4,17402.0,7518.0,0.01,0.05,0.376027,0.698969,0.83425
ace,5,17686.0,7778.0,0.01,0.05,0.376027,0.691466,0.84465
ace,6,17056.0,7182.0,0.01,0.05,0.376027,0.698954,0.7467
ace,7,16918.0,7032.0,0.01,0.05,0.376027,0.69896,0.83255
ace,8,16992.0,7096.0,0.01,0.05,0.376027,0.698965,0.7948
ace,9,17162.0,7300.0,0.01,0.05,0.376027,0.698976,0.9141
ace,10,17582.0,7704.0,0.01,0.05,0.376027,0.698975,0.85335
ace,11,17462.0,7582.0,0.01,0.05,0.376027,0.698961,0.87655
ace,12,17844.0,7956.0,0.01,0.05,0.376027,0.691194,0.82245
ace,13,17892.0,8018.0,0.01,0.05,0.376027,0.698965,0.85105
ace,14,17044.0,7176.0,0.01,0.05,0.376027,0.698796,0.8597
ace,15,16824.0,6938.0,0.01,0.05,0.376027,0.698966,0.82875
ace,16,17740.0,7846.0,0.01,0.05,0.376027,0.698955,0.8384
ace,17,17270.0,7428.0,0.01,0.05,0.376027,0.698973,0.8808
ace,18,17260.0,7382.0,0.01,0.05,0.376027,0.698955,0.86585
ace,19,18002.0,8108.0,0.01,0.05,0.376027,0.697349,0.9221
ace,20,17440.0,7554.0,0.01,0.05,0.376027,0.698975,0.854
only_ne,1,15508.0,5758.0,0.010464,0.010464,0.376027,0.698973,0.73915
only_ne,2,14292.0,4496.0,0.010464,0.010464,0.376027,0.698939,0.8338
only_ne,3,13120.0,3324.0,0.010464,0.010464,0.376027,0.698947,0.8189
only_ne,4,15310.0,5564.0,0.010464,0.010464,0.376027,0.698967,0.80015
only_ne,5,15402.0,5612.0,0.010464,0.010464,0.376027,0.698967,0.8005
only_ne,6,11396.0,1630.0,0.010464,0.010464,0.376027,0.698953,0.7437
only_ne,7,14528.0,4776.0,0.010464,0.010464,0.376027,0.698959,0.77945
only_ne,8,12558.0,2764.0,0.010464,0.010464,0.376027,0.698924,0.77985
only_ne,9,13762.0,4044.0,0.010464,0.010464,0.376027,0.698925,0.81935
only_ne,10,15796.0,6038.0,0.010464,0.010464,0.376027,0.698972,0.7879
only_ne,11,14188.0,4442.0,0.010464,0.010464,0.376027,0.698959,0.82005
only_ne,12,15182.0,5428.0,0.010464,0.010464,0.376027,0.698971,0.73755
only_ne,13,13914.0,4136.0,0.010464,0.010464,0.376027,0.698961,0.79275
only_ne,14,11286.0,1564.0,0.010464,0.010464,0.376027,0.698795,0.73785
only_ne,15,13988.0,4242.0,0.010464,0.010464,0.376027,0.698966,0.79095
only_ne,16,14162.0,4424.0,0.010464,0.010464,0.376027,0.698954,0.8062
only_ne,17,15786.0,6080.0,0.010464,0.010464,0.376027,0.69897,0.7666
only_ne,18,14626.0,4838.0,0.010464,0.010464,0.376027,0.698884,0.7804
only_ne,19,15532.0,5788.0,0.010464,0.010464,0.376027,0.698974,0.79225
only_ne,20,15430.0,5674.0,0.010464,0.010464,0.376027,0.69897,0.79845
only_ach,1,16538.0,6678.0,0.01,0.05,0.383471,0.383471,0.8801
only_ach,2,17130.0,7222.0,0.01,0.05,0.383471,0.383471,0.86085
only_ach,3,16512.0,6618.0,0.01,0.05,0.383471,0.383471,0.8014
only_ach,4,17360.0,7474.0,0.01,0.05,0.383471,0.383471,0.851
only_ach,5,17564.0,7654.0,0.01,0.05,0.383471,0.383471,0.82555
only_ach,6,16886.0,7010.0,0.01,0.05,0.383471,0.383471,0.78485
only_ach,7,16858.0,6968.0,0.01,0.05,0.383471,0.383471,0.82285
only_ach,8,17118.0,7222.0,0.01,0.05,0.383471,0.383471,0.7322
only_ach,9,16084.0,6216.0,0.01,0.05,0.383471,0.383471,0.84895
only_ach,10,17684.0,7804.0,0.01,0.05,0.383471,0.383471,0.85475
only_ach,11,17152.0,7270.0,0.01,0.05,0.383471,0.383471,0.8238
only_ach,12,17494.0,7608.0,0.01,0.05,0.383471,0.383471,0.81645
only_ach,13,17368.0,7486.0,0.01,0.05,0.383471,0.383471,0.88665
only_ach,14,14366.0,4512.0,0.01,0.05,0.383471,0.383471,0.76395
only_ach,15,16940.0,7054.0,0.01,0.05,0.383471,0.383471,0.8362
only_ach,16,17812.0,7918.0,0.01,0.05,0.383471,0.383471,0.90785
only_ach,17,17262.0,7420.0,0.01,0.05,0.383471,0.383471,0.9035
only_ach,18,17474.0,7592.0,0.01,0.05,0.383471,0.383471,0.8909
only_ach,19,17982.0,8084.0,0.01,0.05,0.383471,0.383471,0.90705
only_ach,20,17546.0,7656.0,0.01,0.05,0.383471,0.383471,0.89215
