episode,reward,unexpected_uncertainty,expected_uncertainty,mean_variance,mean_td_error_sq,mean_delta_var,mean_actor_lr,mean_abs_td
0,25.0,0.0,0.3180698864162021,0.026495230880876384,0.00011913806732385031,0.00013188046406776267,0.010000000000000004,0.005118863439808289
1,18.0,0.0,0.0634596204930501,0.0015117299120295986,8.754923464948661e-05,7.347795704125323e-06,0.010000000000000004,0.00465973400666068
2,20.0,0.0,0.3077245521021438,0.004804843133443298,8.404237618938518e-05,2.3832644947302783e-05,0.010000000000000002,0.00506803450676111
3,12.0,0.0,0.146165098471914,0.002321671649364513,0.00010576780272862784,1.1392881633614455e-05,0.010000000000000002,0.004246786896449824
4,9.0,0.0,0.05477567582044194,0.0018530726056345279,9.827384346863254e-05,8.99785589729163e-06,0.01,0.004086388368159532
5,13.0,0.0,0.04866749152930709,0.0012058544997623692,8.059458205503975e-05,5.798105117408245e-06,0.010000000000000002,0.0036051507279472915
6,14.0,0.0,0.0020002714648850667,0.0007208544339334822,7.112720795703354e-05,3.5491946543118044e-06,0.010000000000000002,0.004238613741472363
7,17.0,0.0,0.0020000168656971744,0.00022472122603413362,7.923126672128843e-05,1.0225167403385295e-06,0.010000000000000004,0.0042918592731913795
8,38.0,0.0,0.00200000000000429,3.507985539386027e-05,7.04378311928105e-05,2.9425210813242714e-07,0.010000000000000005,0.005136409515133974
9,18.0,0.0,0.1950521522844411,0.0012752440780208947,0.00010043043281863599,6.687718120896117e-06,0.010000000000000004,0.004768901155330241
10,39.0,0.0,0.0020000000000135712,0.0004567946957245618,9.0716197195838e-05,2.4155040104637416e-06,0.010000000000000005,0.005806647230767541
11,14.0,0.0,0.002000156405959449,0.0003454146717956519,0.0001442643831978785,1.4436826683379423e-06,0.010000000000000002,0.005034731421619654
12,28.0,0.0,0.002000000000000009,9.999999974752427e-07,0.00013690799930961528,6.813047024385977e-07,0.010000000000000004,0.007239188670235521
13,18.0,0.0,0.008965551012102162,3.6020834528471823e-06,0.00019099065745346402,9.408337678233163e-07,0.010000000000000004,0.006785111841357623
14,10.0,0.0,0.0020014617461266734,0.0001298492353711822,0.00019497933664069933,3.294005063381178e-07,0.01,0.005627229096717201
15,26.0,0.0,0.0020000000140008023,3.112755065259876e-05,8.923741827970844e-05,2.924243381308145e-07,0.010000000000000004,0.005261768237687647
16,21.0,0.0,0.002,9.999999974752427e-07,0.00018400738621561754,9.172591533073231e-07,0.010000000000000002,0.007264741851637761
17,18.0,0.006821960959766171,0.0020000040754656625,5.254829251555293e-05,0.0002908284210813387,1.193900642822617e-06,0.010000000000000004,0.009743707332139214
18,15.0,7.500938854314414e-05,0.0020000000000019434,9.999999974752427e-07,0.0001274731406565046,6.35222846145076e-07,0.010000000000000002,0.0050927722117020974
19,14.0,8.647993709880142e-07,0.002,9.999999974752427e-07,0.0001290179114221246,6.430895571156726e-07,0.010000000000000002,0.00604767797049135
20,37.0,5.885519537430816e-11,0.002,9.999999974752427e-07,6.407548126781178e-05,3.1677275518536907e-07,0.010000000000000005,0.004748751509523149
21,24.0,0.01639530433747045,0.002,9.999999974752427e-07,0.00032439759343105834,1.618987967162866e-06,0.010000000000000004,0.011236646119505167
22,30.0,0.0029108756264946047,0.06213498344254864,0.00013484691274672715,0.00018417441363756856,1.3202596478360344e-06,0.010000000000000004,0.00918291060305718
23,11.0,0.0003724471704963842,0.002002048461937966,0.0006517023324276498,0.00022374567871499013,3.496040622073505e-06,0.01,0.007084961816230241
24,27.0,0.005257563275804455,0.0020000000000002386,9.999999974752427e-07,0.00018285272105431156,9.11081787097773e-07,0.010000000000000004,0.009049794693110567
25,9.0,0.00022160728742372446,0.002,9.999999974752427e-07,0.00020104079327817697,1.0042039663934096e-06,0.01,0.006299763203909
26,30.0,0.0003800708389164247,0.0020000000007854473,2.2730954062429493e-05,0.00016101081534240316,6.930659730623272e-07,0.010000000000000004,0.00800688876511736
27,25.0,0.003401658139477681,0.002,9.999999974752427e-07,0.00020280178508865873,1.0109444093219985e-06,0.010000000000000004,0.00886772250786664
28,14.0,3.921844820324741e-05,0.008965578225316607,1.5727422271538673e-05,0.00010497159473743523,4.697561267335005e-07,0.010000000000000002,0.0055985525832511485
29,26.0,0.0009553851158951466,0.0020000000364707874,0.00018069831993372532,0.0001495643429620941,1.461649458907033e-06,0.010000000000000004,0.007665796110813972
30,14.0,0.001323458545536954,0.0020000132857342346,4.12250014392157e-06,0.00019900535626220516,9.774142805838438e-07,0.010000000000000002,0.007758632604964078
31,32.0,0.00015899026378859564,0.002,9.999999974752427e-07,0.0001115565826119947,5.543618604370319e-07,0.010000000000000004,0.007228435825948652
32,23.0,0.018365870861137838,0.002000000110704684,3.350130751202634e-05,0.0002714727854944268,1.3560809914232433e-06,0.010000000000000004,0.011456809006631374
33,18.0,0.0050812849644327005,0.014392318273209474,8.431424528036283e-06,0.00018151506037611398,9.21845665615706e-07,0.010000000000000004,0.008460032540218284
34,16.0,0.0009586502209135207,0.002000021975704627,7.69550553627596e-05,0.00014349518435417187,8.33340376583568e-07,0.010000000000000002,0.007171339926902543
35,18.0,0.010201965499052982,0.0020000000000013098,9.999999974752427e-07,0.00028749640811535454,1.4349820405830847e-06,0.010000000000000004,0.010150388339146351
36,37.0,7.892786425069922e-07,0.00240762266974877,0.00011995152466846944,9.131694914262774e-05,9.173554386099864e-07,0.010000000000000005,0.0065901091073228175
37,33.0,0.02189906557795215,0.0020000000000941253,1.921141166022631e-05,0.00035232191606691905,1.6670909835680412e-06,0.010000000000000005,0.013484955478746157
38,40.0,1.4599876754775708e-05,0.0020000000000002867,3.6489529901226216e-06,0.00012964150609268867,6.312671133356241e-07,0.010000000000000005,0.007496959722155462
39,11.0,0.000491234182103004,0.002,9.999999974752427e-07,0.000249818671042757,1.2476227669822039e-06,0.01,0.007779417477328987
40,26.0,0.005643575615114079,0.0020000000077378026,1.066724315634815e-05,0.00016213738979331538,7.592257331801022e-07,0.010000000000000004,0.008856851636664942
41,15.0,0.003085636635215191,0.0020000213108962743,2.6906672484896954e-05,0.00016312117874067988,6.839296741288439e-07,0.010000000000000002,0.007904666697695142
42,37.0,0.008023288863407493,0.014392318273209467,5.147771828486056e-06,0.00023854921908973348,1.197409725734339e-06,0.010000000000000005,0.0113603436539686
43,39.0,0.013068638261844364,0.002000000000002484,3.3926164734212863e-05,0.0003054670466857109,1.4941759859033886e-06,0.010000000000000005,0.013134683575481176
44,122.0,1.483645212500844e-14,0.019244016898176418,3.5925324395336133e-06,8.253265991697845e-05,4.142274339047347e-07,0.010000000000000007,0.006695152620523004
45,12.0,1.0631355478078547e-07,0.0020003627708579264,8.950959947797956e-05,0.00026698822491905757,8.907264605303074e-07,0.010000000000000002,0.006032188138407137
46,101.0,3.0975195665479777e-08,0.10002098523555601,0.002454711737542634,0.00011770931996579748,1.2620497916763033e-05,0.010000000000000007,0.007291125053122083
47,96.0,3.20896075489548e-06,0.002,3.355899162764164e-05,0.00023517654050260272,1.0086759796674378e-06,0.010000000000000007,0.009703351910609533
48,92.0,2.397580772800533e-07,0.002,9.999999974752427e-07,0.00025926514522974946,1.2919379710577844e-06,0.010000000000000007,0.010265313965572538
49,11.0,0.012920232540610649,0.002,9.999999974752427e-07,0.0006076364477527985,3.0367116505324112e-06,0.01,0.011847310151685686
50,22.0,0.0012866124170309058,0.002,9.999999974752427e-07,0.0003461200788348963,1.7277432513245522e-06,0.010000000000000004,0.008853054572162884
51,13.0,4.932739961000755e-05,0.002,9.999999974752427e-07,0.000320249398531527,1.5994048873991282e-06,0.010000000000000002,0.007464542298724777
52,20.0,1.49082917507467e-07,0.002,9.999999974752427e-07,0.00011634958082140656,5.790555964215226e-07,0.010000000000000002,0.006864793222540846
53,32.0,3.096331056940918e-11,0.0020000000000901658,5.693531279934848e-06,8.507772767380199e-05,3.984999293337703e-07,0.010000000000000004,0.006046499787388663
54,35.0,3.2925839400833412e-15,0.002,9.999999974752427e-07,8.499288742314093e-05,4.2142785175878e-07,0.010000000000000005,0.0059388726722539925
55,20.0,0.0005826511144524042,0.002,9.999999974752427e-07,0.0001631078255461314,8.128468200451467e-07,0.010000000000000002,0.007559584722352715
56,11.0,1.312013670967427e-05,0.002,9.999999974752427e-07,6.926916894906968e-05,3.4487525651376714e-07,0.01,0.004550246028777431
57,108.0,6.400105420344527e-05,0.1916793558504592,0.0002909192647439739,8.004315075818899e-05,1.7735349135649447e-06,0.010000000000000007,0.006875499239469176
58,18.0,0.01800823431781158,0.00200002700904252,0.000734994966454868,0.0003248524655343014,4.35186106341708e-06,0.010000000000000004,0.010866312387709817
59,60.0,0.0007167071811949813,0.002,9.999999974752427e-07,0.0001633722375007699,8.127702784232691e-07,0.010000000000000005,0.008558139910526348
60,47.0,5.1344789745066775e-05,0.002,9.999999974752427e-07,0.00017343678234094527,8.633159871861899e-07,0.010000000000000005,0.008041882421821356
61,249.0,0.0042324048015828005,0.002,9.999999974752427e-07,0.00014266951547249525,7.08582871492153e-07,0.009999999999999959,0.009073152772936166
62,481.0,8.899610307415641e-05,0.002,9.999999974752427e-07,0.00018203469910013322,9.052966987983998e-07,0.009999999999999879,0.010092143994398431
63,12.0,0.005819541386420351,0.002,9.999999974752427e-07,0.0015012290702240232,7.504478684457657e-06,0.010000000000000002,0.011632361863222387
64,10.0,0.007148134948516289,0.002,9.999999974752427e-07,0.0011753449766729318,5.875474883367815e-06,0.01,0.011177530337590724
65,114.0,0.0001966668571347592,0.2686501050734128,0.000866233084692188,0.00019871626661066937,5.257862548262437e-06,0.010000000000000007,0.009368540851088862
66,500.0,0.0021347854352912776,0.002,4.0916857813494126e-05,0.00013150091871081781,7.691511598778676e-07,0.009999999999999875,0.008923469055646463
67,401.0,0.030464407016630557,0.002,9.999999974752427e-07,0.00014619221398969802,7.261084901081617e-07,0.009999999999999896,0.009355675086438546
68,500.0,0.0007161571073889378,0.002,9.999999974752427e-07,0.0002148965715403989,1.0696014347894176e-06,0.009999999999999875,0.009308720000636702
69,303.0,2.0833235395390312e-07,0.002,9.999999974752427e-07,0.0001204027303056637,5.972078262977336e-07,0.009999999999999929,0.008550258438497733
70,500.0,1.2230247296317912e-05,0.002,9.999999974752427e-07,0.00018594426228446537,9.248398885097501e-07,0.009999999999999875,0.00889595308140465
71,417.0,0.006124174656493236,0.002,9.999999974752427e-07,7.876227334126663e-05,3.8895321069023005e-07,0.009999999999999893,0.006663134287443919
72,333.0,1.574989098646282e-09,0.002,9.999999974752427e-07,0.0002575460627418273,1.2829073048717558e-06,0.009999999999999917,0.009552045938198984
73,500.0,0.007456046414959805,0.002,9.999999974752427e-07,0.00016255060637492062,8.078716089620264e-07,0.009999999999999875,0.00927798131691557
74,500.0,0.005514311841210295,0.002,9.999999974752427e-07,0.0001397057798549069,6.936474763619577e-07,0.009999999999999875,0.009203741507532937
75,500.0,7.085448549189221e-08,0.002,9.999999974752427e-07,0.00010043471769921575,4.97292165583502e-07,0.009999999999999875,0.007988763224929866
76,500.0,1.670643907336513e-09,0.002,9.999999974752427e-07,7.708394457360353e-05,3.8053829995544095e-07,0.009999999999999875,0.00694471408876226
77,500.0,4.540993310396562e-07,0.002,9.999999974752427e-07,9.662345797126906e-05,4.782358669437685e-07,0.009999999999999875,0.008028457839899649
78,500.0,6.571826880847801e-05,0.002,9.999999974752427e-07,0.00011257820579730868,5.580096060739667e-07,0.009999999999999875,0.008773330231418046
79,500.0,1.1105796926727091e-06,0.002,9.999999974752427e-07,0.0001099564918997936,5.449010365863913e-07,0.009999999999999875,0.008125133553829059
80,500.0,1.7078469926599288e-08,0.002,9.999999974752427e-07,7.943950608052201e-05,3.923161074900333e-07,0.009999999999999875,0.007061813913815813
81,500.0,3.1730516574500124e-30,0.002,9.999999974752427e-07,6.449232618028819e-05,3.175802079888642e-07,0.009999999999999875,0.006309935492472613
82,500.0,0.011534257345598695,0.002,9.999999974752427e-07,0.00011855281114879868,5.878826328314166e-07,0.009999999999999875,0.009113137947078867
83,500.0,0.005017582138381691,0.002,9.999999974752427e-07,9.306868105880208e-05,4.604619823814336e-07,0.009999999999999875,0.00763138053798864
84,500.0,6.529843739284355e-07,0.002,9.999999974752427e-07,0.00011629490583203618,5.765931062476041e-07,0.009999999999999875,0.008343513302225252
85,500.0,6.72163513782986e-08,0.002,9.999999974752427e-07,8.511675951408309e-05,4.2070237465783865e-07,0.009999999999999875,0.007355771426906581
86,500.0,0.00036952621193534553,0.002,9.999999974752427e-07,8.069228571099956e-05,3.9858000564242105e-07,0.009999999999999875,0.007122193238368486
87,500.0,2.7514007683773006e-07,0.002,9.999999974752427e-07,8.282485397946292e-05,4.0924284698473777e-07,0.009999999999999875,0.007326213797331666
88,500.0,0.0033567661156467753,0.002,9.999999974752427e-07,6.037081647868064e-05,2.969726594808264e-07,0.009999999999999875,0.006027799609978591
89,500.0,3.2090766884352615e-15,0.002,9.999999974752427e-07,8.78195712095526e-05,4.342164331351863e-07,0.009999999999999875,0.007345124953996994
90,500.0,1.3233033039902957e-07,0.002,9.999999974752427e-07,9.503542752070989e-05,4.702957146909726e-07,0.009999999999999875,0.007195762618354673
91,500.0,0.0004045419424756993,0.002,9.999999974752427e-07,6.52433830935824e-05,3.2133549255533523e-07,0.009999999999999875,0.006380923066137307
92,500.0,2.0835791530864396e-06,0.002,9.999999974752427e-07,8.789468738442615e-05,4.345920140095539e-07,0.009999999999999875,0.007113372871151613
93,500.0,9.312121331193854e-09,0.002,9.999999974752427e-07,4.4847281675073944e-05,2.1935498546279296e-07,0.009999999999999875,0.0053391401771467045
94,500.0,9.979951587389107e-09,0.002,9.999999974752427e-07,6.463450245289128e-05,3.182910893518796e-07,0.009999999999999875,0.006012762227903669
95,500.0,5.890515170279364e-08,0.002,9.999999974752427e-07,8.052530791151418e-05,3.9774511664499414e-07,0.009999999999999875,0.006526536819904218
96,500.0,5.175622650912857e-07,0.002,9.999999974752427e-07,0.0001198649077082786,5.944431156288163e-07,0.009999999999999875,0.008899486789124623
97,500.0,1.1225880803701608e-06,0.002,9.999999974752427e-07,0.00010333152988056574,5.117762264902519e-07,0.009999999999999875,0.008269042200445687
98,500.0,0.0034928444095971055,0.002,9.999999974752427e-07,6.690316753548923e-05,3.296344147648694e-07,0.009999999999999875,0.0064926930413794935
99,500.0,0.003912969434988065,0.002,9.999999974752427e-07,7.391559005475796e-05,3.64696527361213e-07,0.009999999999999875,0.0066990226000113035
100,500.0,1.7951855607767127e-07,0.002,9.999999974752427e-07,8.199797710461317e-05,4.0510846261048914e-07,0.009999999999999875,0.007047528533537397
101,500.0,0.014364232167195436,0.002,9.999999974752427e-07,6.59270913481371e-05,3.2475403382810876e-07,0.009999999999999875,0.006245571054728047
102,500.0,0.000358315304406835,0.002,9.999999974752427e-07,7.273579186500427e-05,3.5879753641244466e-07,0.009999999999999875,0.006661973800924294
103,500.0,0.0010952926943208442,0.002,9.999999974752427e-07,6.642071323914983e-05,3.272221432831724e-07,0.009999999999999875,0.0065205722749086
104,500.0,6.86013159526362e-05,0.002,9.999999974752427e-07,7.067749871394223e-05,3.485060706571344e-07,0.009999999999999875,0.006753545349717818
105,500.0,4.067572588219685e-07,0.002,9.999999974752427e-07,5.779961224836708e-05,2.841166383292586e-07,0.009999999999999875,0.006056739979059152
106,500.0,0.008729264943942478,0.002,9.999999974752427e-07,6.617960667092494e-05,3.2601661044204795e-07,0.009999999999999875,0.006488734053304279
107,500.0,0.000567021663627941,0.002,9.999999974752427e-07,6.723461279966884e-05,3.312916410857674e-07,0.009999999999999875,0.006599644432764633
108,500.0,0.00048576461856058114,0.002,9.999999974752427e-07,5.303633889460665e-05,2.603002715604565e-07,0.009999999999999875,0.005774970770088345
109,500.0,0.0002492385801152018,0.002,9.999999974752427e-07,4.970951445389988e-05,2.436661493569226e-07,0.009999999999999875,0.005624986976328059
110,313.0,2.0258782263463285e-07,0.002,9.999999974752427e-07,5.610467701658408e-05,2.75711472869364e-07,0.009999999999999924,0.005858135419141583
111,500.0,0.00024445269142032755,0.002,9.999999974752427e-07,0.00017352236905079997,8.627304223414231e-07,0.009999999999999875,0.006096703806991428
112,500.0,0.003305555143006617,0.002,9.999999974752427e-07,4.4457836567273454e-05,2.174077599237905e-07,0.009999999999999875,0.00526881930620774
113,500.0,0.00018788440392832775,0.002,9.999999974752427e-07,4.437788951917366e-05,2.1700802468329151e-07,0.009999999999999875,0.005189605699134291
114,500.0,2.185859494380728e-06,0.002,9.999999974752427e-07,0.00010942143188258918,5.422257365003691e-07,0.009999999999999875,0.008714493014389584
115,500.0,5.3752747499425994e-18,0.002,9.999999974752427e-07,5.656061763586161e-05,2.779216652667313e-07,0.009999999999999875,0.005867182390337346
116,500.0,0.00031050748614853057,0.002,9.999999974752427e-07,7.066978314864885e-05,3.4846749283066743e-07,0.009999999999999875,0.006689476222444046
117,500.0,9.219629793680227e-06,0.002,9.999999974752427e-07,6.500107131905823e-05,3.201239336827144e-07,0.009999999999999875,0.006358490646687951
118,500.0,0.000641461941744782,0.002,9.999999974752427e-07,5.5134952320190585e-05,2.7079333868837615e-07,0.009999999999999875,0.005823777893304147
119,500.0,0.0006559688753773153,0.002,9.999999974752427e-07,5.369958786004034e-05,2.636165163876249e-07,0.009999999999999875,0.005852799159069748
120,500.0,1.0210896712977949e-05,0.002,9.999999974752427e-07,4.4534240264457104e-05,2.1778977840970876e-07,0.009999999999999875,0.0053299741686980715
121,500.0,0.0007437807065811036,0.002,9.999999974752427e-07,6.26105191621909e-05,3.081711728983777e-07,0.009999999999999875,0.006165546046665652
122,500.0,0.0048494798636853275,0.002,9.999999974752427e-07,6.0979182810453075e-05,3.0001449113968863e-07,0.009999999999999875,0.006074779472321184
123,500.0,0.00048672979303778543,0.002,9.999999974752427e-07,6.558638036582886e-05,3.230504789165676e-07,0.009999999999999875,0.006499406451399884
124,500.0,0.002742280150708159,0.002,9.999999974752427e-07,6.032597210700037e-05,2.9674843762242506e-07,0.009999999999999875,0.006130941233803838
125,500.0,8.688585901124964e-05,0.002,9.999999974752427e-07,5.7388537136294936e-05,2.8206126276889786e-07,0.009999999999999875,0.005954578475614369
126,500.0,0.0002702211939084598,0.002,9.999999974752427e-07,5.608205349101345e-05,2.755288445424905e-07,0.009999999999999875,0.005893921197517205
127,500.0,6.435708253413659e-16,0.002,9.999999974752427e-07,7.455014075517121e-05,3.678692808632793e-07,0.009999999999999875,0.006925527630337025
128,500.0,0.0003476297484723604,0.002,9.999999974752427e-07,6.718860463964663e-05,3.3106160028565634e-07,0.009999999999999875,0.006524752422416281
129,500.0,0.0015566508306158562,0.002,9.999999974752427e-07,5.106670266786211e-05,2.504520904267338e-07,0.009999999999999875,0.005706068886197338
130,500.0,0.0012037242725625816,0.002,9.999999974752427e-07,5.826502077433551e-05,2.864436809591008e-07,0.009999999999999875,0.006019068818830189
131,500.0,2.022927708624716e-05,0.002,9.999999974752427e-07,5.082573640986529e-05,2.492472591367497e-07,0.009999999999999875,0.005686593342300048
132,500.0,6.07426361033831e-08,0.002,9.999999974752427e-07,6.723504141522383e-05,3.312937841635424e-07,0.009999999999999875,0.006524832893932319
133,500.0,4.59493118651369e-07,0.002,9.999999974752427e-07,5.348260774715405e-05,2.6253161582319346e-07,0.009999999999999875,0.005716609878542837
134,500.0,8.387718205653689e-05,0.002,9.999999974752427e-07,5.1255893387623594e-05,2.513980440255412e-07,0.009999999999999875,0.005564451480851225
135,500.0,4.214121260452841e-15,0.002,9.999999974752427e-07,4.835791472719339e-05,2.3690815072339018e-07,0.009999999999999875,0.005550984522371954
136,500.0,0.00018674870344362207,0.002,9.999999974752427e-07,4.367978736870276e-05,2.1351751393093704e-07,0.009999999999999875,0.005240054727023976
137,500.0,0.0014873942302904815,0.002,9.999999974752427e-07,4.5306118337019704e-05,2.2164916877252176e-07,0.009999999999999875,0.005360784632128041
138,500.0,1.1364840464884486e-09,0.002,9.999999974752427e-07,5.558941838467664e-05,2.7306566901080645e-07,0.009999999999999875,0.005933293176855406
139,500.0,2.4026163021653436e-18,0.002,9.999999974752427e-07,4.009055539531459e-05,1.9557135406399618e-07,0.009999999999999875,0.004970575748618854
140,500.0,6.393022173099442e-09,0.002,9.999999974752427e-07,4.6731346591956175e-05,2.287753100472041e-07,0.009999999999999875,0.005414705248199874
141,500.0,0.0001939682617346991,0.002,9.999999974752427e-07,4.0629141855101864e-05,1.982642863629325e-07,0.009999999999999875,0.0050583308210169434
142,500.0,0.0021148001452833427,0.002,9.999999974752427e-07,3.341155011077192e-05,1.6217632764128283e-07,0.009999999999999875,0.00453207890982574
143,500.0,0.0019794490139829466,0.002,9.999999974752427e-07,3.9329980736798646e-05,1.9176848077141646e-07,0.009999999999999875,0.00497156432222413
144,500.0,5.573821063318927e-05,0.002,9.999999974752427e-07,6.200592445192281e-05,3.0514819934703727e-07,0.009999999999999875,0.006339975810801176
145,500.0,4.892061829005144e-05,0.002,9.999999974752427e-07,4.6556701029122514e-05,2.2790208223303576e-07,0.009999999999999875,0.0054120391091007905
146,500.0,9.061865730236977e-06,0.002,9.999999974752427e-07,3.620898319905996e-05,1.7616349308272301e-07,0.009999999999999875,0.004844086256205829
147,500.0,0.0032132613309515234,0.002,9.999999974752427e-07,4.7767753559441076e-05,2.339573448846286e-07,0.009999999999999875,0.005465466224518513
148,500.0,3.4673489473488536e-09,0.002,9.999999974752427e-07,4.0552535247583215e-05,1.978812533253393e-07,0.009999999999999875,0.005118041511407866
149,500.0,0.001929325274933318,0.002,9.999999974752427e-07,4.15349958064455e-05,2.0279355611965072e-07,0.009999999999999875,0.005070487396209961
150,500.0,4.4827445420671046e-20,0.002,9.999999974752427e-07,4.403599842075694e-05,2.1529856919120792e-07,0.009999999999999875,0.005236079183815732
151,500.0,0.003845066073203807,0.002,9.999999974752427e-07,5.336593026797288e-05,2.6194822842728764e-07,0.009999999999999875,0.005750395941756033
152,500.0,0.003448798638078802,0.002,9.999999974752427e-07,4.622168478947326e-05,2.2622700103478953e-07,0.009999999999999875,0.005411609715097418
153,500.0,0.004383630544790636,0.002,9.999999974752427e-07,4.890153906147066e-05,2.396262723947765e-07,0.009999999999999875,0.005592363246480967
154,500.0,0.00020316844168624372,0.002,9.999999974752427e-07,3.841003579081775e-05,1.87168756041512e-07,0.009999999999999875,0.004885127207930586
155,500.0,5.170435808490609e-13,0.002,9.999999974752427e-07,4.005944400179345e-05,1.9541579709639048e-07,0.009999999999999875,0.00489536775602764
156,500.0,2.957571029418877e-14,0.002,9.999999974752427e-07,4.614812723418358e-05,2.2585921325834115e-07,0.009999999999999875,0.005550080666911195
157,500.0,3.2330958848533973e-10,0.002,9.999999974752427e-07,3.294010770846596e-05,1.59819115629753e-07,0.009999999999999875,0.004622268682141446
158,500.0,0.0005627898118502636,0.002,9.999999974752427e-07,6.22399392855384e-05,3.0631827351511524e-07,0.009999999999999875,0.006302101627772622
159,500.0,3.6260787344309485e-07,0.002,9.999999974752427e-07,4.510632758412591e-05,2.2065021500805276e-07,0.009999999999999875,0.0053726976784314266
160,500.0,1.6549679346080656e-30,0.002,9.999999974752427e-07,5.027583893384196e-05,2.4649777175663304e-07,0.009999999999999875,0.0056539410370928436
161,500.0,0.0022988283986763417,0.002,9.999999974752427e-07,4.9877545126961024e-05,2.4450630272222835e-07,0.009999999999999875,0.00558808435163214
162,500.0,1.0277214124152143e-09,0.002,9.999999974752427e-07,4.659763071991591e-05,2.2810673068700277e-07,0.009999999999999875,0.005443121027983651
163,500.0,2.4171229874243795e-05,0.002,9.999999974752427e-07,3.6820776507767384e-05,1.7922245962626015e-07,0.009999999999999875,0.004852823065520216
164,500.0,0.008056157152633456,0.002,9.999999974752427e-07,4.8259037443339594e-05,2.364137643041212e-07,0.009999999999999875,0.005596624654644121
165,500.0,3.5122342045186584e-14,0.002,9.999999974752427e-07,3.841382695657238e-05,1.8718771187028512e-07,0.009999999999999875,0.004921608717224962
166,500.0,5.50405993191913e-06,0.002,9.999999974752427e-07,4.856004306570633e-05,2.379187924159549e-07,0.009999999999999875,0.005527994003728503
167,500.0,3.121042102596669e-13,0.002,9.999999974752427e-07,3.617786202667336e-05,1.7600788722079003e-07,0.009999999999999875,0.00470311475067359
168,500.0,9.620632186450548e-33,0.002,9.999999974752427e-07,4.4351631356541276e-05,2.168767338701296e-07,0.009999999999999875,0.005300265070135621
169,500.0,6.446408824576894e-28,0.002,9.999999974752427e-07,4.926518951776196e-05,2.41444524676233e-07,0.009999999999999875,0.005610919586500602
170,500.0,3.330306283933816e-14,0.002,9.999999974752427e-07,6.471848700680079e-05,3.1871101212142714e-07,0.009999999999999875,0.006523867308441918
171,500.0,0.0017884058596822443,0.002,9.999999974752427e-07,4.791795954013277e-05,2.3470837478808707e-07,0.009999999999999875,0.005525143948206935
172,500.0,0.00011436585533859756,0.002,9.999999974752427e-07,4.4767360951543374e-05,2.189553818451401e-07,0.009999999999999875,0.005369498261909475
173,500.0,0.0001016648394227756,0.002,9.999999974752427e-07,5.080698844287089e-05,2.4915351930177765e-07,0.009999999999999875,0.005713912688762597
174,500.0,5.41726517874969e-05,0.002,9.999999974752427e-07,3.95074393667449e-05,1.9265577392114772e-07,0.009999999999999875,0.00498383266993029
175,500.0,0.0005443716406968003,0.002,9.999999974752427e-07,4.495376110250291e-05,2.1988738259993774e-07,0.009999999999999875,0.005443544068609332
176,500.0,0.00027927135295366563,0.002,9.999999974752427e-07,3.3767734277911075e-05,1.639572484769786e-07,0.009999999999999875,0.004588487476622134
177,500.0,7.169008094179647e-30,0.002,9.999999974752427e-07,4.178199103292356e-05,2.04028532252041e-07,0.009999999999999875,0.005049276901427435
178,500.0,3.0060031240633837e-26,0.002,9.999999974752427e-07,5.219493193285074e-05,2.5609323675167694e-07,0.009999999999999875,0.0055838450494962244
179,500.0,2.5269353842331508e-05,0.002,9.999999974752427e-07,4.8216014666423675e-05,2.361986504195416e-07,0.009999999999999875,0.00557311515235471
180,500.0,6.260060013721596e-21,0.002,9.999999974752427e-07,4.701951394618439e-05,2.302161468183452e-07,0.009999999999999875,0.00550202665879969
181,500.0,1.2000762930147216e-08,0.002,9.999999974752427e-07,4.2087400944495926e-05,2.0555558180990287e-07,0.009999999999999875,0.005190098733206835
182,500.0,3.5945939307016717e-09,0.002,9.999999974752427e-07,4.53916885333801e-05,2.220770197543237e-07,0.009999999999999875,0.005337856153648332
183,500.0,5.624181069168146e-05,0.002,9.999999974752427e-07,3.204839801112224e-05,1.5536056714303443e-07,0.009999999999999875,0.004501151899243944
184,500.0,0.0016781698861450785,0.002,9.999999974752427e-07,3.403298162961097e-05,1.652834852354781e-07,0.009999999999999875,0.004643446302939604
185,500.0,5.2983508861018264e-08,0.002,9.999999974752427e-07,5.015240613423302e-05,2.458806077585883e-07,0.009999999999999875,0.0056073605938788814
186,500.0,1.3261518839304592e-13,0.002,9.999999974752427e-07,5.08643001625308e-05,2.494400779000772e-07,0.009999999999999875,0.005690257744394287
187,500.0,8.217497187542778e-05,0.002,9.999999974752427e-07,4.2311567503462506e-05,2.0667641460473577e-07,0.009999999999999875,0.0051439457445077805
188,500.0,0.0022671815590713054,0.002,9.999999974752427e-07,3.965567833327678e-05,1.9339696875380714e-07,0.009999999999999875,0.005076268009138349
189,500.0,0.00010742224815930168,0.002,9.999999974752427e-07,3.361375193591754e-05,1.6318733676701093e-07,0.009999999999999875,0.004654443204143405
190,500.0,0.003886836294036588,0.002,9.999999974752427e-07,5.6563418505679636e-05,2.779356696158214e-07,0.009999999999999875,0.006109867466286031
191,500.0,4.921413488421253e-20,0.002,9.999999974752427e-07,4.914788349056698e-05,2.4085799454025813e-07,0.009999999999999875,0.00560248489404215
192,500.0,0.0005204530015141274,0.002,9.999999974752427e-07,5.0921946238325944e-05,2.497283082790529e-07,0.009999999999999875,0.0055445164604031524
193,500.0,5.283059355881564e-07,0.002,9.999999974752427e-07,3.828536473034913e-05,1.865454007391689e-07,0.009999999999999875,0.0048838229951165294
194,500.0,0.0002069052794443728,0.002,9.999999974752427e-07,3.277660275024152e-05,1.5900159083863084e-07,0.009999999999999875,0.0044502763734696055
195,500.0,9.464471863635624e-17,0.002,9.999999974752427e-07,5.372531066910712e-05,2.637451304329588e-07,0.009999999999999875,0.00594671837904531
196,500.0,8.626269025519996e-07,0.002,9.999999974752427e-07,4.506696703771128e-05,2.2045341227597962e-07,0.009999999999999875,0.005212707797722456
197,500.0,4.2237364056531755e-09,0.002,9.999999974752427e-07,5.434221641559201e-05,2.668296591653833e-07,0.009999999999999875,0.0059020259816074385
198,500.0,0.0002572454157814019,0.002,9.999999974752427e-07,3.6401595266235866e-05,1.7712655341860256e-07,0.009999999999999875,0.0048343449681003394
199,500.0,6.5218283976571345e-09,0.002,9.999999974752427e-07,3.626288650689042e-05,1.7643300962187532e-07,0.009999999999999875,0.004683854593527264
200,500.0,0.0003960881085443143,0.002,9.999999974752427e-07,5.365753156863353e-05,2.6340623493059084e-07,0.009999999999999875,0.005938331495552681
201,500.0,3.5379024774662447e-47,0.002,9.999999974752427e-07,2.4187007329960814e-05,1.160536137372273e-07,0.009999999999999875,0.003934738871350649
202,500.0,8.809216178405306e-08,0.002,9.999999974752427e-07,6.0336710769772736e-05,2.9680213093628693e-07,0.009999999999999875,0.006231247611240789
203,500.0,0.0008031061675662056,0.002,9.999999974752427e-07,3.435311409586158e-05,1.6688414756673111e-07,0.009999999999999875,0.004640812422848296
204,500.0,0.00010688999462399247,0.002,9.999999974752427e-07,6.278619676964385e-05,3.0904956093564246e-07,0.009999999999999875,0.006327762877708485
205,500.0,1.2355322146336682e-05,0.002,9.999999974752427e-07,5.111216278093613e-05,2.506793909921039e-07,0.009999999999999875,0.0057361880404756885
206,500.0,5.7258750678944596e-05,0.002,9.999999974752427e-07,3.985051520423526e-05,1.943711531085995e-07,0.009999999999999875,0.005067522358701458
207,500.0,0.0019310626374987982,0.002,9.999999974752427e-07,5.4618522534453476e-05,2.6821118975969063e-07,0.009999999999999875,0.0059417063055611525
208,500.0,0.0007093788630549444,0.002,9.999999974752427e-07,5.4245583933619706e-05,2.663464967555218e-07,0.009999999999999875,0.005943882717611084
209,500.0,7.702584758436217e-05,0.002,9.999999974752427e-07,4.0968305823769505e-05,1.9996010620627075e-07,0.009999999999999875,0.005125861393615397
210,500.0,1.3050462027605682e-05,0.002,9.999999974752427e-07,4.310426135561436e-05,2.10639883865495e-07,0.009999999999999875,0.00526145340004207
211,500.0,1.307900756284115e-06,0.002,9.999999974752427e-07,5.15222130614369e-05,2.527296423946077e-07,0.009999999999999875,0.005797430346977599
212,500.0,1.438820144487656e-06,0.002,9.999999974752427e-07,3.957550682197446e-05,1.9299611119729552e-07,0.009999999999999875,0.004958662619950478
213,500.0,5.369552041790091e-07,0.002,9.999999974752427e-07,4.501579986515525e-05,2.201975764131995e-07,0.009999999999999875,0.0053216388762888055
214,500.0,8.036217179406808e-08,0.002,9.999999974752427e-07,5.494823793521675e-05,2.69859766763507e-07,0.009999999999999875,0.005746955095731429
215,500.0,3.5663452132850555e-05,0.002,9.999999974752427e-07,5.2272848110286986e-05,2.5648281763885817e-07,0.009999999999999875,0.00576432328533175
216,500.0,1.7682647437111943e-11,0.002,9.999999974752427e-07,4.7178525058733804e-05,2.3101120238109224e-07,0.009999999999999875,0.005445032825016163
217,500.0,0.00028396454243270487,0.002,9.999999974752427e-07,3.772094952513395e-05,1.8372332471309297e-07,0.009999999999999875,0.004935003707108084
218,500.0,0.0015996608504205807,0.002,9.999999974752427e-07,4.7563403139338696e-05,2.3293559278411668e-07,0.009999999999999875,0.00552959576214152
219,500.0,1.3862123434797876e-15,0.002,9.999999974752427e-07,3.652384528685806e-05,1.7773780352171353e-07,0.009999999999999875,0.004781596596571782
220,500.0,0.0001466044055696383,0.002,9.999999974752427e-07,4.773811051905335e-05,2.3380912968269e-07,0.009999999999999875,0.005395843672267945
221,500.0,0.0002617357266556589,0.002,9.999999974752427e-07,4.598474605890702e-05,2.2504230738195832e-07,0.009999999999999875,0.005355083552030883
222,500.0,0.001894481988879289,0.002,9.999999974752427e-07,5.7648240212786376e-05,2.833597781513551e-07,0.009999999999999875,0.006194875506581113
223,500.0,4.2412986622100675e-05,0.002,9.999999974752427e-07,3.5905713481301596e-05,1.746471444939312e-07,0.009999999999999875,0.004803073413489688
224,500.0,3.9365138012018184e-33,0.002,9.999999974752427e-07,4.0657145931215666e-05,1.9840430674350157e-07,0.009999999999999875,0.005046119095100525
225,500.0,4.925689442698321e-08,0.002,9.999999974752427e-07,4.275752196382261e-05,2.089061869065363e-07,0.009999999999999875,0.005067796632279403
226,500.0,5.978240753116333e-19,0.002,9.999999974752427e-07,6.357233401337832e-05,3.1298024715431483e-07,0.009999999999999875,0.006484029323171839
227,500.0,0.006429044834619511,0.002,9.999999974752427e-07,4.643697833161e-05,2.2730346874547323e-07,0.009999999999999875,0.0054629358496119385
228,500.0,1.9435576854192166e-06,0.002,9.999999974752427e-07,3.791221962748513e-05,1.846796752248489e-07,0.009999999999999875,0.004936284622593448
229,500.0,7.892514730653564e-12,0.002,9.999999974752427e-07,4.438896714756576e-05,2.1706341282525203e-07,0.009999999999999875,0.005263264255097555
230,500.0,3.85547212887612e-09,0.002,9.999999974752427e-07,5.29158239130727e-05,2.5969769665278673e-07,0.009999999999999875,0.00588898242841449
231,500.0,6.330283430284967e-06,0.002,9.999999974752427e-07,4.4267706911514075e-05,2.1645711164499356e-07,0.009999999999999875,0.005387366090196262
232,500.0,1.8454205305117002e-07,0.002,9.999999974752427e-07,3.977825839712405e-05,1.9400986907304347e-07,0.009999999999999875,0.00497831522764108
233,500.0,7.420957715472118e-08,0.002,9.999999974752427e-07,4.786169983712846e-05,2.3442707627306555e-07,0.009999999999999875,0.005511069115851325
234,500.0,0.00027606625273640895,0.002,9.999999974752427e-07,3.639677983509727e-05,1.7710247626290958e-07,0.009999999999999875,0.004714891153687737
235,500.0,7.327516464211989e-19,0.002,9.999999974752427e-07,3.2926764738171215e-05,1.5975240077827932e-07,0.009999999999999875,0.004480870553796647
236,500.0,6.1716237486659456e-24,0.002,9.999999974752427e-07,6.554654037011535e-05,3.2285127893800004e-07,0.009999999999999875,0.006366095383717815
237,500.0,0.00010508770664569491,0.002,9.999999974752427e-07,4.3353089015301535e-05,2.118840221639309e-07,0.009999999999999875,0.005197489119029931
238,500.0,4.9004621600410474e-05,0.002,9.999999974752427e-07,2.7139673968819622e-05,1.3081694693152135e-07,0.009999999999999875,0.004111821868589421
239,500.0,0.0018574621982658543,0.002,9.999999974752427e-07,6.408213320528124e-05,3.155292431138294e-07,0.009999999999999875,0.006262787202697085
240,500.0,9.204449911204087e-05,0.002,9.999999974752427e-07,5.6590346361973985e-05,2.7807030889729314e-07,0.009999999999999875,0.006001658641490276
241,500.0,1.0464439826154248e-09,0.002,9.999999974752427e-07,5.412075008708012e-05,2.6572232752282383e-07,0.009999999999999875,0.00585249323892985
242,500.0,4.17308573080845e-09,0.002,9.999999974752427e-07,3.686793407497124e-05,1.7945824746227942e-07,0.009999999999999875,0.004863149338317188
243,500.0,1.649852459561528e-06,0.002,9.999999974752427e-07,4.509926899484673e-05,2.2061492206165688e-07,0.009999999999999875,0.0052814067683271005
244,500.0,4.3859361128174515e-06,0.002,9.999999974752427e-07,5.969643917693039e-05,2.9360077297207516e-07,0.009999999999999875,0.006347051378534628
245,500.0,0.004552876810600062,0.002,9.999999974752427e-07,3.429492498387686e-05,1.6659320200680753e-07,0.009999999999999875,0.004672324143188155
246,500.0,0.000773920298992686,0.002,9.999999974752427e-07,3.9572355229610125e-05,1.9298035323547384e-07,0.009999999999999875,0.004927240267465914
247,500.0,2.2388851055436603e-05,0.002,9.999999974752427e-07,4.125798968851611e-05,2.0140852553000379e-07,0.009999999999999875,0.005074472499738922
248,500.0,1.9988554504867657e-05,0.002,9.999999974752427e-07,4.173120791337827e-05,2.0377461665431458e-07,0.009999999999999875,0.005062368013040188
249,500.0,4.290440706337739e-10,0.002,9.999999974752427e-07,4.1263564450220635e-05,2.014363993385264e-07,0.009999999999999875,0.005085232926453482
250,500.0,3.6901908011571833e-31,0.002,9.999999974752427e-07,4.141616302972705e-05,2.021993922360585e-07,0.009999999999999875,0.0050406589659608226
251,500.0,0.01635405704372263,0.002,9.999999974752427e-07,5.8767384771559776e-05,2.889555009452221e-07,0.009999999999999875,0.005947680938657623
252,500.0,0.001072384590571929,0.002,9.999999974752427e-07,4.789326193020984e-05,2.3458488673847243e-07,0.009999999999999875,0.005530545024639327
253,500.0,5.400091945212795e-06,0.002,9.999999974752427e-07,5.1928417903075285e-05,2.5476066660279965e-07,0.009999999999999875,0.005544918651872944
254,500.0,7.701175675612454e-07,0.002,9.999999974752427e-07,4.610810633979415e-05,2.2565910878639398e-07,0.009999999999999875,0.005395220049883316
255,500.0,5.532390468508618e-06,0.002,9.999999974752427e-07,4.517741804965956e-05,2.2100566733572103e-07,0.009999999999999875,0.0053642854104168245
256,500.0,1.727208885879164e-07,0.002,9.999999974752427e-07,5.2177638417740695e-05,2.560067691761267e-07,0.009999999999999875,0.005785177209646452
257,500.0,5.120639499179867e-18,0.002,9.999999974752427e-07,4.471682809132825e-05,2.1870271754406448e-07,0.009999999999999875,0.005337615148164332
258,500.0,2.4311752117013565e-12,0.002,9.999999974752427e-07,4.33007490830292e-05,2.1162232250256926e-07,0.009999999999999875,0.005094567519932867
259,500.0,2.6121276501037547e-29,0.002,9.999999974752427e-07,5.642118447162524e-05,2.7722449944554945e-07,0.009999999999999875,0.0059400294776711425
260,500.0,0.0006722186610164369,0.002,9.999999974752427e-07,3.158618861389438e-05,1.5304952015689514e-07,0.009999999999999875,0.004414777724226944
261,500.0,2.8750645238407008e-28,0.002,9.999999974752427e-07,4.54488884211401e-05,2.223630191931237e-07,0.009999999999999875,0.005376753221972746
262,500.0,1.2246575765798111e-14,0.002,9.999999974752427e-07,2.5841168566538954e-05,1.24324419920118e-07,0.009999999999999875,0.004013816068195572
263,500.0,0.007201636293293461,0.002,9.999999974752427e-07,6.857046348200542e-05,3.379708944974503e-07,0.009999999999999875,0.0066409347095276435
264,500.0,0.001026097810576347,0.002,9.999999974752427e-07,4.7243343727890526e-05,2.3133529572687586e-07,0.009999999999999875,0.005521930145420016
265,500.0,0.002037172668698438,0.002,9.999999974752427e-07,3.997884255293346e-05,1.9501278985209053e-07,0.009999999999999875,0.0050649759815195984
266,500.0,0.004040169904384796,0.002,9.999999974752427e-07,3.3066674064224635e-05,1.6045194740854642e-07,0.009999999999999875,0.0045298649384198425
267,500.0,2.545287491137948e-13,0.002,9.999999974752427e-07,2.7133593337983708e-05,1.3078654377734178e-07,0.009999999999999875,0.004116780036027827
268,500.0,2.6125716089686034e-05,0.002,9.999999974752427e-07,5.458569011453321e-05,2.6804702766008927e-07,0.009999999999999875,0.00581991946621036
269,500.0,5.080582173976209e-06,0.002,9.999999974752427e-07,4.444112481287591e-05,2.173242011518028e-07,0.009999999999999875,0.005310158349947245
270,500.0,5.024041649427533e-06,0.002,9.999999974752427e-07,4.868404751329148e-05,2.3853881465388064e-07,0.009999999999999875,0.005421618821482237
271,500.0,2.37226456018801e-26,0.002,9.999999974752427e-07,6.503157965198625e-05,3.202764753473544e-07,0.009999999999999875,0.006454280862426422
272,500.0,2.116353666843585e-20,0.002,9.999999974752427e-07,5.413098150973872e-05,2.6577348463611684e-07,0.009999999999999875,0.005896991377157111
273,500.0,0.0023136065360780797,0.002,9.999999974752427e-07,4.8673889239350537e-05,2.384880232841759e-07,0.009999999999999875,0.005645984890751113
274,500.0,0.0007869434527785735,0.002,9.999999974752427e-07,4.259092746827304e-05,2.080732144287884e-07,0.009999999999999875,0.005133235331287924
275,500.0,4.408568449661487e-10,0.002,9.999999974752427e-07,4.5099142009794484e-05,2.2061428713639565e-07,0.009999999999999875,0.005394000596396271
276,500.0,0.0002722711293275247,0.002,9.999999974752427e-07,5.077284709561081e-05,2.4898281256547727e-07,0.009999999999999875,0.005647148646178688
277,500.0,1.210785414287624e-05,0.002,9.999999974752427e-07,3.703352888665768e-05,1.802862215207116e-07,0.009999999999999875,0.00481546382680204
278,500.0,0.0004777993743187765,0.002,9.999999974752427e-07,5.4685612432963225e-05,2.6854663925223936e-07,0.009999999999999875,0.0059799349948712315
279,500.0,1.466733715226284e-06,0.002,9.999999974752427e-07,4.117095463680232e-05,2.009733502714348e-07,0.009999999999999875,0.00498716723543809
280,500.0,3.693134057786688e-05,0.002,9.999999974752427e-07,3.0796722068642076e-05,1.4910218743063359e-07,0.009999999999999875,0.004428119721901585
281,500.0,0.002853337431023969,0.002,9.999999974752427e-07,5.750136303482836e-05,2.8262539226156504e-07,0.009999999999999875,0.006021988245919936
282,500.0,1.0385459698914477e-08,0.002,9.999999974752427e-07,5.163994829284204e-05,2.533183185516334e-07,0.009999999999999875,0.0057731120513104224
283,500.0,0.0011142777055168673,0.002,9.999999974752427e-07,3.7066034385921384e-05,1.8044874901703015e-07,0.009999999999999875,0.004865232098151897
284,500.0,3.891681172996452e-05,0.002,9.999999974752427e-07,3.5540332843450564e-05,1.7282024130467604e-07,0.009999999999999875,0.004701170231732853
285,500.0,6.49089396210124e-18,0.002,9.999999974752427e-07,5.0798790502078276e-05,2.491125295978146e-07,0.009999999999999875,0.0057521814861419525
286,500.0,5.473625251337823e-06,0.002,9.999999974752427e-07,4.167266624502913e-05,2.0348190831256887e-07,0.009999999999999875,0.005085057797087099
287,500.0,0.0004641297660863068,0.002,9.999999974752427e-07,5.2813312699999884e-05,2.591851405874227e-07,0.009999999999999875,0.005718977666338501
288,500.0,0.0013379073677055094,0.002,9.999999974752427e-07,3.422198468700372e-05,1.6622850052244183e-07,0.009999999999999875,0.004553784637918085
289,500.0,0.0007106351525868733,0.002,9.999999974752427e-07,4.5265959081704565e-05,2.2144837249594606e-07,0.009999999999999875,0.005353289491150956
290,500.0,1.6145015475219874e-15,0.002,9.999999974752427e-07,4.757014664082889e-05,2.3296931029156768e-07,0.009999999999999875,0.005368769124910426
291,500.0,3.67642060075496e-11,0.002,9.999999974752427e-07,4.262157356718062e-05,2.0822644492332631e-07,0.009999999999999875,0.0052594071591876655
292,500.0,0.005229917536505685,0.002,9.999999974752427e-07,4.5655848005394674e-05,2.233978171143966e-07,0.009999999999999875,0.005305586862672311
293,500.0,0.0006008626662466533,0.002,9.999999974752427e-07,4.5315359783682524e-05,2.2169537600583586e-07,0.009999999999999875,0.005288149994474066
294,500.0,2.1974608403492528e-13,0.002,9.999999974752427e-07,3.64207673228808e-05,1.7722241370182721e-07,0.009999999999999875,0.004784403753277326
295,500.0,1.2627585886175537e-11,0.002,9.999999974752427e-07,3.555045036537842e-05,1.7287082891431531e-07,0.009999999999999875,0.0046652840165579655
296,500.0,5.1431977700529704e-30,0.002,9.999999974752427e-07,4.593891940149398e-05,2.2481317409489314e-07,0.009999999999999875,0.005196435772261689
297,500.0,3.9055540136227477e-08,0.002,9.999999974752427e-07,5.619723072273564e-05,2.7610473070110145e-07,0.009999999999999875,0.005947034587446791
298,500.0,1.413458853201143e-32,0.002,9.999999974752427e-07,3.681151326423723e-05,1.7917614340860936e-07,0.009999999999999875,0.004759634963674802
299,500.0,5.650869968650059e-13,0.002,9.999999974752427e-07,5.43113944408997e-05,2.666755492919217e-07,0.009999999999999875,0.00596965882161507
300,500.0,0.012087545359228876,0.002,9.999999974752427e-07,4.415784789523918e-05,2.1590781656361914e-07,0.009999999999999875,0.005291933433765641
301,500.0,0.0010677580789260508,0.002,9.999999974752427e-07,4.471546418359578e-05,2.1869589800540213e-07,0.009999999999999875,0.005271779641549549
302,500.0,0.0011390111650154398,0.002,9.999999974752427e-07,4.065429174990979e-05,1.9839003583697214e-07,0.009999999999999875,0.0050502638707559545
303,500.0,6.91305721701771e-09,0.002,9.999999974752427e-07,4.316540720746388e-05,2.1094561312474264e-07,0.009999999999999875,0.005212442432907539
304,500.0,2.463854282445366e-07,0.002,9.999999974752427e-07,3.947384206807141e-05,1.924877874277803e-07,0.009999999999999875,0.005064203584725001
305,500.0,4.549429058540115e-11,0.002,9.999999974752427e-07,4.437118595816126e-05,2.1697450687822954e-07,0.009999999999999875,0.005324187051006059
306,500.0,6.126097390254556e-05,0.002,9.999999974752427e-07,3.7274771589703164e-05,1.8149243503593904e-07,0.009999999999999875,0.004841318371495887
307,500.0,5.974233387374524e-23,0.002,9.999999974752427e-07,6.0140228494383194e-05,2.958197195593392e-07,0.009999999999999875,0.006374000074027158
308,500.0,0.0023817241950991426,0.002,9.999999974752427e-07,5.4078276076080534e-05,2.655099574678259e-07,0.009999999999999875,0.005940238051595012
309,500.0,2.2552139076900593e-12,0.002,9.999999974752427e-07,4.270809448567356e-05,2.0865904951579103e-07,0.009999999999999875,0.0051976383022739455
310,500.0,0.0003062127868714697,0.002,9.999999974752427e-07,3.969210550314579e-05,1.9357910460315217e-07,0.009999999999999875,0.0050371335874580345
311,500.0,6.064293032211099e-11,0.002,9.999999974752427e-07,4.529289260346789e-05,2.215830401047627e-07,0.009999999999999875,0.005354568029785153
312,500.0,5.3906865502411465e-37,0.002,9.999999974752427e-07,3.87266777008817e-05,1.8875196559183174e-07,0.009999999999999875,0.00479410042624604
313,500.0,0.0005234651832197222,0.002,9.999999974752427e-07,4.2735874147564545e-05,2.0879794782524594e-07,0.009999999999999875,0.005075308848807419
314,500.0,0.00037927784442448793,0.002,9.999999974752427e-07,5.782995685247716e-05,2.84268361349809e-07,0.009999999999999875,0.006177625520865289
315,500.0,1.6343595281162037e-11,0.002,9.999999974752427e-07,4.4763307350733065e-05,2.1893511384108856e-07,0.009999999999999875,0.005189582902667566
316,500.0,0.0003036389347566364,0.002,9.999999974752427e-07,4.4648739795908334e-05,2.183622760669649e-07,0.009999999999999875,0.005225725165980577
317,500.0,7.083021401992784e-05,0.002,9.999999974752427e-07,4.674178567867727e-05,2.2882750548080956e-07,0.009999999999999875,0.005291271644180619
318,500.0,1.1536708510384328e-07,0.002,9.999999974752427e-07,4.2752816009963254e-05,2.088826571372395e-07,0.009999999999999875,0.005208557996422185
319,500.0,0.000107177669993567,0.002,9.999999974752427e-07,3.636551981108921e-05,1.7694617614286924e-07,0.009999999999999875,0.004856160726157116
320,500.0,2.3684839620474058e-07,0.002,9.999999974752427e-07,3.0007035586541058e-05,1.451537550201285e-07,0.009999999999999875,0.004174778648613485
321,500.0,7.388307923121409e-14,0.002,9.999999974752427e-07,5.9558598546903916e-05,2.929115698219428e-07,0.009999999999999875,0.00594582941876393
322,500.0,0.0015224391994917064,0.002,9.999999974752427e-07,4.940925537075708e-05,2.4216485394120863e-07,0.009999999999999875,0.005591652464220971
323,500.0,7.042230968310668e-08,0.002,9.999999974752427e-07,5.857523070686303e-05,2.8799473062173836e-07,0.009999999999999875,0.006152663897564671
324,500.0,1.560224414427691e-07,0.002,9.999999974752427e-07,4.626729958719533e-05,2.264550750233999e-07,0.009999999999999875,0.005396479908459757
325,500.0,0.00014813162964339953,0.002,9.999999974752427e-07,5.4596086148543144e-05,2.6809900783013895e-07,0.009999999999999875,0.005908239584300196
326,500.0,3.3828656708893554e-06,0.002,9.999999974752427e-07,4.456375585381135e-05,2.1793735635647995e-07,0.009999999999999875,0.00534885640213774
327,500.0,1.206992101508785e-07,0.002,9.999999974752427e-07,4.609127977831665e-05,2.2557497597900647e-07,0.009999999999999875,0.005394775455858073
328,500.0,2.5013765553772694e-06,0.002,9.999999974752427e-07,4.180097478552069e-05,2.0412345101502666e-07,0.009999999999999875,0.005195428266902289
329,500.0,0.0055524120637296505,0.002,9.999999974752427e-07,4.570495422790678e-05,2.2364334822695714e-07,0.009999999999999875,0.005352994257983615
330,500.0,8.89061023924051e-15,0.002,9.999999974752427e-07,4.412161472903794e-05,2.1572665073261292e-07,0.009999999999999875,0.005182191681461004
331,500.0,0.0010542599999098007,0.002,9.999999974752427e-07,4.243364959873958e-05,2.072868250811211e-07,0.009999999999999875,0.005059298664642491
332,500.0,2.205503406633884e-22,0.002,9.999999974752427e-07,3.084529910768332e-05,1.493450726258398e-07,0.009999999999999875,0.004322373054474371
333,500.0,3.19866294457884e-17,0.002,9.999999974752427e-07,4.6864799389059115e-05,2.294425740327188e-07,0.009999999999999875,0.005474008079581405
334,500.0,6.82817053652573e-40,0.002,9.999999974752427e-07,5.009160616447678e-05,2.455766079098071e-07,0.009999999999999875,0.005252328301686058
335,500.0,1.000751915121175e-13,0.002,9.999999974752427e-07,5.772480621747782e-05,2.837426081748123e-07,0.009999999999999875,0.006057156824365096
336,500.0,2.4403353715699835e-06,0.002,9.999999974752427e-07,3.703808744036434e-05,1.8030901428924494e-07,0.009999999999999875,0.00480868146140975
337,500.0,0.0011302368498672223,0.002,9.999999974752427e-07,5.895909071419709e-05,2.8991403065840865e-07,0.009999999999999875,0.006109576162941047
338,500.0,4.3343525952047496e-07,0.002,9.999999974752427e-07,4.3032558774982526e-05,2.1028137096233586e-07,0.009999999999999875,0.005270787060588392
339,500.0,0.00043844070505427734,0.002,9.999999974752427e-07,3.689624040349523e-05,1.7959977910489938e-07,0.009999999999999875,0.004861756137723155
340,500.0,1.2386601432725323e-06,0.002,9.999999974752427e-07,4.2301950296187776e-05,2.066283285683621e-07,0.009999999999999875,0.005201507688052731
341,500.0,4.0730579132168516e-07,0.002,9.999999974752427e-07,3.2476630867461466e-05,1.5750173142473057e-07,0.009999999999999875,0.004502578218846688
342,500.0,0.0003523257366749403,0.002,9.999999974752427e-07,4.0249964095450046e-05,1.9636839756467347e-07,0.009999999999999875,0.004921762018718503
343,500.0,2.0674673822417743e-08,0.002,9.999999974752427e-07,3.9882713306871715e-05,1.945321436217818e-07,0.009999999999999875,0.005142402743852584
344,500.0,7.112370091692382e-05,0.002,9.999999974752427e-07,5.816316354547072e-05,2.859343948147768e-07,0.009999999999999875,0.005763097356760087
345,500.0,1.7293039280740323e-09,0.002,9.999999974752427e-07,4.289351923322288e-05,2.0958617325353763e-07,0.009999999999999875,0.005230683070909335
346,500.0,0.00011287732826241052,0.002,9.999999974752427e-07,3.2422729698561234e-05,1.572322255802294e-07,0.009999999999999875,0.004502486440550036
347,500.0,4.704851362806485e-13,0.002,9.999999974752427e-07,4.5759734050022196e-05,2.2391724733753421e-07,0.009999999999999875,0.005337171163824074
348,500.0,1.5313195541988516e-05,0.002,9.999999974752427e-07,4.699907630025128e-05,2.301139585886796e-07,0.009999999999999875,0.005430200477471214
349,500.0,2.4597216730438324e-16,0.002,9.999999974752427e-07,4.279533741174803e-05,2.0909526414616338e-07,0.009999999999999875,0.005090173137173601
350,500.0,4.062722307461751e-06,0.002,9.999999974752427e-07,5.6854486533738104e-05,2.793910097561137e-07,0.009999999999999875,0.006067707053783236
351,500.0,1.7781711661199604e-05,0.002,9.999999974752427e-07,3.4857201841678105e-05,1.6940458629581374e-07,0.009999999999999875,0.004726501039998687
352,500.0,5.079283907764836e-07,0.002,9.999999974752427e-07,3.429201302943644e-05,1.6657864223460544e-07,0.009999999999999875,0.004589249862849403
353,500.0,4.529628595578026e-16,0.002,9.999999974752427e-07,3.6071375580767246e-05,1.7547545499125945e-07,0.009999999999999875,0.0046695355844054475
354,500.0,6.2234385156945895e-06,0.002,9.999999974752427e-07,6.725714077987389e-05,3.3140428098679267e-07,0.009999999999999875,0.00651781230943145
355,500.0,2.123785649013313e-05,0.002,9.999999974752427e-07,4.848950056623695e-05,2.3756607991860797e-07,0.009999999999999875,0.005617149855910245
356,500.0,0.0004507795282609261,0.002,9.999999974752427e-07,3.982718862477233e-05,1.942545202112849e-07,0.009999999999999875,0.005079749452360637
357,500.0,9.688437854544193e-06,0.002,9.999999974752427e-07,3.51075345371521e-05,1.706562497731837e-07,0.009999999999999875,0.004697240557541828
358,500.0,0.0009013479280995083,0.002,9.999999974752427e-07,3.1168133286361695e-05,1.509592435192317e-07,0.009999999999999875,0.0043714413833031394
359,500.0,7.536589416777436e-05,0.002,9.999999974752427e-07,7.502899832080463e-05,3.7026356869144634e-07,0.009999999999999875,0.006661331562671383
360,500.0,2.3515978913327204e-41,0.002,9.999999974752427e-07,3.8786645913468e-05,1.8905180665476322e-07,0.009999999999999875,0.004482634092925904
361,500.0,0.00615797931064047,0.002,9.999999974752427e-07,4.700920106488447e-05,2.3016458241184557e-07,0.009999999999999875,0.005120598085513596
362,500.0,1.3500176581206703e-07,0.002,9.999999974752427e-07,4.328826996059814e-05,2.1155992689041394e-07,0.009999999999999875,0.004942618747584139
363,500.0,0.003267573714215536,0.002,9.999999974752427e-07,2.9359883299606047e-05,1.4191799358545347e-07,0.009999999999999875,0.0043191869737186535
364,500.0,8.686530844806683e-06,0.002,9.999999974752427e-07,4.8488771794962616e-05,2.375624360622363e-07,0.009999999999999875,0.005544530209604827
365,500.0,0.00019962254225079932,0.002,9.999999974752427e-07,4.029689862525507e-05,1.9660307021369857e-07,0.009999999999999875,0.004885621791063134
366,500.0,1.393304395544669e-16,0.002,9.999999974752427e-07,6.565951493733088e-05,3.2341615177407766e-07,0.009999999999999875,0.006361498281851102
367,500.0,9.302654205764877e-07,0.002,9.999999974752427e-07,4.4232181704256824e-05,2.1627948560870735e-07,0.009999999999999875,0.005310095432527334
368,500.0,0.004870604326379804,0.002,9.999999974752427e-07,4.665918061298927e-05,2.2841448015236957e-07,0.009999999999999875,0.005455237882084806
369,500.0,0.014042076523868484,0.002,9.999999974752427e-07,3.724582644135736e-05,1.8134770929421003e-07,0.009999999999999875,0.00482627637053954
370,500.0,8.532100725914368e-27,0.002,9.999999974752427e-07,3.3403695875396536e-05,1.6213705646440589e-07,0.009999999999999875,0.004507799329155166
371,500.0,2.0511762406825546e-08,0.002,9.999999974752427e-07,6.594211894392322e-05,3.2482917180703927e-07,0.009999999999999875,0.006383352540479421
372,500.0,1.852495063979673e-07,0.002,9.999999974752427e-07,3.3790115384158256e-05,1.6406915400821451e-07,0.009999999999999875,0.004482805346306266
373,500.0,4.7696897935697076e-05,0.002,9.999999974752427e-07,6.052222907439982e-05,2.977297224594223e-07,0.009999999999999875,0.006087759913455165
374,500.0,8.412163948266195e-05,0.002,9.999999974752427e-07,3.747554045651708e-05,1.8249627937000864e-07,0.009999999999999875,0.00486953140433377
375,500.0,0.00024076078914955182,0.002,9.999999974752427e-07,5.894235279789686e-05,2.8983034107690754e-07,0.009999999999999875,0.006198781655444267
376,500.0,2.7685747121600257e-05,0.002,9.999999974752427e-07,3.968942838324804e-05,1.9356571900366343e-07,0.009999999999999875,0.005051489953474388
377,500.0,1.6163524853107232e-24,0.002,9.999999974752427e-07,4.767418685289676e-05,2.33489511351907e-07,0.009999999999999875,0.005504404912010689
378,500.0,4.265257541928607e-39,0.002,9.999999974752427e-07,3.716718675953779e-05,1.8095451088511218e-07,0.009999999999999875,0.0047227321181118696
379,500.0,0.0012249455362669563,0.002,9.999999974752427e-07,4.908042060756106e-05,2.4052068012522854e-07,0.009999999999999875,0.005375846545165957
380,500.0,5.0830863602612826e-42,0.002,9.999999974752427e-07,3.9912745724229275e-05,1.946823057085696e-07,0.009999999999999875,0.004657621518892822
381,500.0,2.9653245194501682e-09,0.002,9.999999974752427e-07,4.877263949815948e-05,2.389817745782206e-07,0.009999999999999875,0.00521046528270608
382,500.0,6.199023328649817e-10,0.002,9.999999974752427e-07,5.572819722274577e-05,2.737595632011521e-07,0.009999999999999875,0.005844134327554302
383,500.0,4.599605965336139e-11,0.002,9.999999974752427e-07,2.532783919791241e-05,1.2175777307698528e-07,0.009999999999999875,0.0040192904899618315
384,500.0,2.6414368965047877e-16,0.002,9.999999974752427e-07,4.1071076816658774e-05,2.004739611707171e-07,0.009999999999999875,0.004717896902968688
385,500.0,3.792952627105853e-08,0.002,9.999999974752427e-07,7.727874840887452e-05,3.8151231913179587e-07,0.009999999999999875,0.007109862154077282
386,500.0,6.251443872528943e-05,0.002,9.999999974752427e-07,3.427734519991717e-05,1.6650530308700909e-07,0.009999999999999875,0.0046279422219625485
387,500.0,5.787401796390078e-05,0.002,9.999999974752427e-07,2.9005722797721585e-05,1.4014719107603116e-07,0.009999999999999875,0.004098907214075901
388,500.0,0.0039053511829333204,0.002,9.999999974752427e-07,4.521477337864335e-05,2.2119244398063999e-07,0.009999999999999875,0.005364295721455319
389,500.0,1.1133580912437757e-15,0.002,9.999999974752427e-07,4.520083540918579e-05,2.211227541333522e-07,0.009999999999999875,0.005242150909361234
390,500.0,1.5605903185889395e-09,0.002,9.999999974752427e-07,4.1618985675327004e-05,2.0321350546405824e-07,0.009999999999999875,0.005066245469437698
391,500.0,8.777068463387077e-11,0.002,9.999999974752427e-07,3.733608498090179e-05,1.8179900199193212e-07,0.009999999999999875,0.0046076176638840125
392,500.0,9.877192384773891e-15,0.002,9.999999974752427e-07,5.43156629408388e-05,2.666968917916172e-07,0.009999999999999875,0.005563833312041277
393,500.0,4.467256349279301e-09,0.002,9.999999974752427e-07,5.3594870731376794e-05,2.6309293074430717e-07,0.009999999999999875,0.00555403137845521
394,500.0,2.4636762092909645e-06,0.002,9.999999974752427e-07,4.749185033684669e-05,2.3257782877165667e-07,0.009999999999999875,0.00553212867977959
395,500.0,0.00016478073300160657,0.002,9.999999974752427e-07,5.1840821962743554e-05,2.54322686901141e-07,0.009999999999999875,0.005721870788166911
396,500.0,4.875677981844122e-07,0.002,9.999999974752427e-07,2.6834330020327666e-05,1.2929022718906153e-07,0.009999999999999875,0.004086391239476725
397,500.0,2.0243717896239137e-09,0.002,9.999999974752427e-07,3.403161724735953e-05,1.6527666332422087e-07,0.009999999999999875,0.004573897076006831
398,500.0,0.021663653613621603,0.002,9.999999974752427e-07,4.434459285208655e-05,2.1684154134785598e-07,0.009999999999999875,0.0049769240203718455
399,500.0,0.002039956177687872,0.002,9.999999974752427e-07,6.308659092308503e-05,3.1055153170284833e-07,0.009999999999999875,0.0063492533925225
