episode,reward,unexpected,expected,variance,td2,delta_var,actor_lr,abs_td
0,-500.0,0.0,0.002,9.999999974752427e-07,4.584317253257984e-06,2.15842046065635e-08,0.009999999999999875,0.0008102543910246085
1,-500.0,0.0,0.002,9.999999974752427e-07,6.317729791226876e-07,1.8411350917627758e-09,0.009999999999999875,0.0007901149304959142
2,-500.0,0.0,0.002,9.999999974752427e-07,6.317729791226876e-07,1.8411350917627758e-09,0.009999999999999875,0.0007901149304959142
3,-500.0,0.0,0.002,9.999999974752427e-07,6.317729791226876e-07,1.8411350917627758e-09,0.009999999999999875,0.0007901149304959142
4,-500.0,1.2192197521260557e-05,0.002,9.999999974752427e-07,6.317729791226876e-07,1.8411350917627758e-09,0.009999999999999875,0.0007901149304959142
5,-500.0,1.6149798436733908e-05,0.002,9.999999974752427e-07,6.317729791226876e-07,1.8411350917627758e-09,0.009999999999999875,0.0007901149304959142
6,-500.0,1.6774439563380207e-05,0.002,9.999999974752427e-07,6.317729791226876e-07,1.8411350917627758e-09,0.009999999999999875,0.0007901149304959142
7,-500.0,1.6873028720150606e-05,0.002,9.999999974752427e-07,6.317729791226876e-07,1.8411350917627758e-09,0.009999999999999875,0.0007901149304959142
8,-500.0,1.6888589369969154e-05,0.002,9.999999974752427e-07,6.317729791226876e-07,1.8411350917627758e-09,0.009999999999999875,0.0007901149304959142
9,-500.0,1.6891045358343734e-05,0.002,9.999999974752427e-07,6.317729791226876e-07,1.8411350917627758e-09,0.009999999999999875,0.0007901149304959142
10,-500.0,1.6891432995033482e-05,0.002,9.999999974752427e-07,6.317729791226876e-07,1.8411350917627758e-09,0.009999999999999875,0.0007901149304959142
11,-500.0,1.6891494177006585e-05,0.002,9.999999974752427e-07,6.317729791226876e-07,1.8411350917627758e-09,0.009999999999999875,0.0007901149304959142
12,-500.0,1.6891503833558883e-05,0.002,9.999999974752427e-07,6.317729791226876e-07,1.8411350917627758e-09,0.009999999999999875,0.0007901149304959142
13,-500.0,1.689150535768316e-05,0.002,9.999999974752427e-07,6.317729791226876e-07,1.8411350917627758e-09,0.009999999999999875,0.0007901149304959142
14,-500.0,1.689150559823945e-05,0.002,9.999999974752427e-07,6.317729791226876e-07,1.8411350917627758e-09,0.009999999999999875,0.0007901149304959142
15,-500.0,1.6891505636209607e-05,0.002,9.999999974752427e-07,6.317729791226876e-07,1.8411350917627758e-09,0.009999999999999875,0.0007901149304959142
16,-500.0,1.6891505642203216e-05,0.002,9.999999974752427e-07,6.317729791226876e-07,1.8411350917627758e-09,0.009999999999999875,0.0007901149304959142
17,-500.0,1.6891505643149602e-05,0.002,9.999999974752427e-07,6.317729791226876e-07,1.8411350917627758e-09,0.009999999999999875,0.0007901149304959142
18,-500.0,1.6891505643300306e-05,0.002,9.999999974752427e-07,6.317729791226876e-07,1.8411350917627758e-09,0.009999999999999875,0.0007901149304959142
19,-500.0,1.6891505643321035e-05,0.002,9.999999974752427e-07,6.317729791226876e-07,1.8411350917627758e-09,0.009999999999999875,0.0007901149304959142
20,-500.0,1.6891505643327886e-05,0.002,9.999999974752427e-07,6.317729791226876e-07,1.8411350917627758e-09,0.009999999999999875,0.0007901149304959142
21,-500.0,1.6891505643329512e-05,0.002,9.999999974752427e-07,6.317729791226876e-07,1.8411350917627758e-09,0.009999999999999875,0.0007901149304959142
22,-500.0,1.6891505643330054e-05,0.002,9.999999974752427e-07,6.317729791226876e-07,1.8411350917627758e-09,0.009999999999999875,0.0007901149304959142
23,-500.0,1.6891505643330054e-05,0.002,9.999999974752427e-07,6.317729791226876e-07,1.8411350917627758e-09,0.009999999999999875,0.0007901149304959142
24,-500.0,1.6891505643330054e-05,0.002,9.999999974752427e-07,6.317729791226876e-07,1.8411350917627758e-09,0.009999999999999875,0.0007901149304959142
25,-500.0,1.6891505643330054e-05,0.002,9.999999974752427e-07,6.317729791226876e-07,1.8411350917627758e-09,0.009999999999999875,0.0007901149304959142
26,-500.0,1.6891505643330054e-05,0.002,9.999999974752427e-07,6.317729791226876e-07,1.8411350917627758e-09,0.009999999999999875,0.0007901149304959142
27,-500.0,1.6891505643330054e-05,0.002,9.999999974752427e-07,6.317729791226876e-07,1.8411350917627758e-09,0.009999999999999875,0.0007901149304959142
28,-500.0,1.6891505643330054e-05,0.002,9.999999974752427e-07,6.317729791226876e-07,1.8411350917627758e-09,0.009999999999999875,0.0007901149304959142
29,-500.0,1.6891505643330054e-05,0.002,9.999999974752427e-07,6.317729791226876e-07,1.8411350917627758e-09,0.009999999999999875,0.0007901149304959142
30,-500.0,1.6891505643330054e-05,0.002,9.999999974752427e-07,6.317729791226876e-07,1.8411350917627758e-09,0.009999999999999875,0.0007901149304959142
31,-500.0,1.6891505643330054e-05,0.002,9.999999974752427e-07,6.317729791226876e-07,1.8411350917627758e-09,0.009999999999999875,0.0007901149304959142
32,-500.0,1.6891505643330054e-05,0.002,9.999999974752427e-07,6.317729791226876e-07,1.8411350917627758e-09,0.009999999999999875,0.0007901149304959142
33,-500.0,1.6891505643330054e-05,0.002,9.999999974752427e-07,6.317729791226876e-07,1.8411350917627758e-09,0.009999999999999875,0.0007901149304959142
34,-500.0,1.6891505643330054e-05,0.002,9.999999974752427e-07,6.317729791226876e-07,1.8411350917627758e-09,0.009999999999999875,0.0007901149304959142
35,-500.0,1.6891505643330054e-05,0.002,9.999999974752427e-07,6.317729791226876e-07,1.8411350917627758e-09,0.009999999999999875,0.0007901149304959142
36,-500.0,1.6891505643330054e-05,0.002,9.999999974752427e-07,6.317729791226876e-07,1.8411350917627758e-09,0.009999999999999875,0.0007901149304959142
37,-500.0,1.6891505643330054e-05,0.002,9.999999974752427e-07,6.317729791226876e-07,1.8411350917627758e-09,0.009999999999999875,0.0007901149304959142
38,-500.0,1.6891505643330054e-05,0.002,9.999999974752427e-07,6.317729791226876e-07,1.8411350917627758e-09,0.009999999999999875,0.0007901149304959142
39,-500.0,1.6891505643330054e-05,0.002,9.999999974752427e-07,6.317729791226876e-07,1.8411350917627758e-09,0.009999999999999875,0.0007901149304959142
40,-453.0,1.997834005504005e-05,0.002,9.999999974752427e-07,6.310148515477404e-07,1.844925729637512e-09,0.009999999999999884,0.0007891667925793191
41,-500.0,2.501973067875168e-50,0.002,9.999999974752427e-07,8.53571993033878e-06,4.135374246162579e-08,0.009999999999999875,0.0008284159431697823
42,-500.0,8.013739357462421e-06,0.002,9.999999974752427e-07,6.317729791226876e-07,1.8411350917627758e-09,0.009999999999999875,0.0007901149304959142
43,-500.0,1.5490298686550905e-05,0.002,9.999999974752427e-07,6.317729791226876e-07,1.8411350917627758e-09,0.009999999999999875,0.0007901149304959142
44,-500.0,1.667034855577831e-05,0.002,9.999999974752427e-07,6.317729791226876e-07,1.8411350917627758e-09,0.009999999999999875,0.0007901149304959142
45,-500.0,1.6856599695182723e-05,0.002,9.999999974752427e-07,6.317729791226876e-07,1.8411350917627758e-09,0.009999999999999875,0.0007901149304959142
46,-500.0,1.6885996323099382e-05,0.002,9.999999974752427e-07,6.317729791226876e-07,1.8411350917627758e-09,0.009999999999999875,0.0007901149304959142
47,-500.0,1.6890636089251457e-05,0.002,9.999999974752427e-07,6.317729791226876e-07,1.8411350917627758e-09,0.009999999999999875,0.0007901149304959142
48,-500.0,1.689136839875551e-05,0.002,9.999999974752427e-07,6.317729791226876e-07,1.8411350917627758e-09,0.009999999999999875,0.0007901149304959142
49,-500.0,1.689148398156404e-05,0.002,9.999999974752427e-07,6.317729791226876e-07,1.8411350917627758e-09,0.009999999999999875,0.0007901149304959142
50,-500.0,1.6891502224379893e-05,0.002,9.999999974752427e-07,6.317729791226876e-07,1.8411350917627758e-09,0.009999999999999875,0.0007901149304959142
51,-500.0,1.689150510370451e-05,0.002,9.999999974752427e-07,6.317729791226876e-07,1.8411350917627758e-09,0.009999999999999875,0.0007901149304959142
52,-500.0,1.6891505558156487e-05,0.002,9.999999974752427e-07,6.317729791226876e-07,1.8411350917627758e-09,0.009999999999999875,0.0007901149304959142
53,-500.0,1.689150562988257e-05,0.002,9.999999974752427e-07,6.317729791226876e-07,1.8411350917627758e-09,0.009999999999999875,0.0007901149304959142
54,-500.0,1.689150564120356e-05,0.002,9.999999974752427e-07,6.317729791226876e-07,1.8411350917627758e-09,0.009999999999999875,0.0007901149304959142
55,-500.0,1.68915056429922e-05,0.002,9.999999974752427e-07,6.317729791226876e-07,1.8411350917627758e-09,0.009999999999999875,0.0007901149304959142
56,-500.0,1.6891505643272896e-05,0.002,9.999999974752427e-07,6.317729791226876e-07,1.8411350917627758e-09,0.009999999999999875,0.0007901149304959142
57,-500.0,1.689150564331502e-05,0.002,9.999999974752427e-07,6.317729791226876e-07,1.8411350917627758e-09,0.009999999999999875,0.0007901149304959142
58,-500.0,1.6891505643325914e-05,0.002,9.999999974752427e-07,6.317729791226876e-07,1.8411350917627758e-09,0.009999999999999875,0.0007901149304959142
59,-500.0,1.689150564332897e-05,0.002,9.999999974752427e-07,6.317729791226876e-07,1.8411350917627758e-09,0.009999999999999875,0.0007901149304959142
60,-500.0,1.6891505643330054e-05,0.002,9.999999974752427e-07,6.317729791226876e-07,1.8411350917627758e-09,0.009999999999999875,0.0007901149304959142
61,-500.0,1.6891505643330054e-05,0.002,9.999999974752427e-07,6.317729791226876e-07,1.8411350917627758e-09,0.009999999999999875,0.0007901149304959142
62,-500.0,1.6891505643330054e-05,0.002,9.999999974752427e-07,6.317729791226876e-07,1.8411350917627758e-09,0.009999999999999875,0.0007901149304959142
63,-500.0,1.6891505643330054e-05,0.002,9.999999974752427e-07,6.317729791226876e-07,1.8411350917627758e-09,0.009999999999999875,0.0007901149304959142
64,-500.0,1.6891505643330054e-05,0.002,9.999999974752427e-07,6.317729791226876e-07,1.8411350917627758e-09,0.009999999999999875,0.0007901149304959142
65,-500.0,1.6891505643330054e-05,0.002,9.999999974752427e-07,6.317729791226876e-07,1.8411350917627758e-09,0.009999999999999875,0.0007901149304959142
66,-500.0,1.6891505643330054e-05,0.002,9.999999974752427e-07,6.317729791226876e-07,1.8411350917627758e-09,0.009999999999999875,0.0007901149304959142
67,-500.0,1.6891505643330054e-05,0.002,9.999999974752427e-07,6.317729791226876e-07,1.8411350917627758e-09,0.009999999999999875,0.0007901149304959142
68,-500.0,1.6891505643330054e-05,0.002,9.999999974752427e-07,6.317729791226876e-07,1.8411350917627758e-09,0.009999999999999875,0.0007901149304959142
69,-500.0,1.6891505643330054e-05,0.002,9.999999974752427e-07,6.317729791226876e-07,1.8411350917627758e-09,0.009999999999999875,0.0007901149304959142
70,-500.0,1.6891505643330054e-05,0.002,9.999999974752427e-07,6.317729791226876e-07,1.8411350917627758e-09,0.009999999999999875,0.0007901149304959142
71,-500.0,1.6891505643330054e-05,0.002,9.999999974752427e-07,6.317729791226876e-07,1.8411350917627758e-09,0.009999999999999875,0.0007901149304959142
72,-500.0,1.6891505643330054e-05,0.002,9.999999974752427e-07,6.317729791226876e-07,1.8411350917627758e-09,0.009999999999999875,0.0007901149304959142
73,-500.0,1.6891505643330054e-05,0.002,9.999999974752427e-07,6.317729791226876e-07,1.8411350917627758e-09,0.009999999999999875,0.0007901149304959142
74,-500.0,1.6891505643330054e-05,0.002,9.999999974752427e-07,6.317729791226876e-07,1.8411350917627758e-09,0.009999999999999875,0.0007901149304959142
75,-500.0,1.6891505643330054e-05,0.002,9.999999974752427e-07,6.317729791226876e-07,1.8411350917627758e-09,0.009999999999999875,0.0007901149304959142
76,-500.0,1.6891505643330054e-05,0.002,9.999999974752427e-07,6.317729791226876e-07,1.8411350917627758e-09,0.009999999999999875,0.0007901149304959142
77,-500.0,1.6891505643330054e-05,0.002,9.999999974752427e-07,6.317729791226876e-07,1.8411350917627758e-09,0.009999999999999875,0.0007901149304959142
78,-500.0,1.6891505643330054e-05,0.002,9.999999974752427e-07,6.317729791226876e-07,1.8411350917627758e-09,0.009999999999999875,0.0007901149304959142
79,-500.0,1.6891505643330054e-05,0.002,9.999999974752427e-07,6.317729791226876e-07,1.8411350917627758e-09,0.009999999999999875,0.0007901149304959142
80,-500.0,1.6891505643330054e-05,0.002,9.999999974752427e-07,6.317729791226876e-07,1.8411350917627758e-09,0.009999999999999875,0.0007901149304959142
81,-500.0,1.6891505643330054e-05,0.002,9.999999974752427e-07,6.317729791226876e-07,1.8411350917627758e-09,0.009999999999999875,0.0007901149304959142
82,-500.0,1.6891505643330054e-05,0.002,9.999999974752427e-07,6.317729791226876e-07,1.8411350917627758e-09,0.009999999999999875,0.0007901149304959142
83,-500.0,1.6891505643330054e-05,0.002,9.999999974752427e-07,6.317729791226876e-07,1.8411350917627758e-09,0.009999999999999875,0.0007901149304959142
84,-500.0,1.6891505643330054e-05,0.002,9.999999974752427e-07,6.317729791226876e-07,1.8411350917627758e-09,0.009999999999999875,0.0007901149304959142
85,-500.0,1.6891505643330054e-05,0.002,9.999999974752427e-07,6.317729791226876e-07,1.8411350917627758e-09,0.009999999999999875,0.0007901149304959142
86,-500.0,1.6891505643330054e-05,0.002,9.999999974752427e-07,6.317729791226876e-07,1.8411350917627758e-09,0.009999999999999875,0.0007901149304959142
87,-500.0,1.6891505643330054e-05,0.002,9.999999974752427e-07,6.317729791226876e-07,1.8411350917627758e-09,0.009999999999999875,0.0007901149304959142
88,-500.0,1.6891505643330054e-05,0.002,9.999999974752427e-07,6.317729791226876e-07,1.8411350917627758e-09,0.009999999999999875,0.0007901149304959142
89,-500.0,1.6891505643330054e-05,0.002,9.999999974752427e-07,6.317729791226876e-07,1.8411350917627758e-09,0.009999999999999875,0.0007901149304959142
90,-500.0,1.6891505643330054e-05,0.002,9.999999974752427e-07,6.317729791226876e-07,1.8411350917627758e-09,0.009999999999999875,0.0007901149304959142
91,-500.0,1.6891505643330054e-05,0.002,9.999999974752427e-07,6.317729791226876e-07,1.8411350917627758e-09,0.009999999999999875,0.0007901149304959142
92,-500.0,1.6891505643330054e-05,0.002,9.999999974752427e-07,6.317729791226876e-07,1.8411350917627758e-09,0.009999999999999875,0.0007901149304959142
93,-500.0,1.6891505643330054e-05,0.002,9.999999974752427e-07,6.317729791226876e-07,1.8411350917627758e-09,0.009999999999999875,0.0007901149304959142
94,-500.0,1.6891505643330054e-05,0.002,9.999999974752427e-07,6.317729791226876e-07,1.8411350917627758e-09,0.009999999999999875,0.0007901149304959142
95,-500.0,1.6891505643330054e-05,0.002,9.999999974752427e-07,6.317729791226876e-07,1.8411350917627758e-09,0.009999999999999875,0.0007901149304959142
96,-500.0,1.6891505643330054e-05,0.002,9.999999974752427e-07,6.317729791226876e-07,1.8411350917627758e-09,0.009999999999999875,0.0007901149304959142
97,-500.0,1.6891505643330054e-05,0.002,9.999999974752427e-07,6.317729791226876e-07,1.8411350917627758e-09,0.009999999999999875,0.0007901149304959142
98,-500.0,1.6891505643330054e-05,0.002,9.999999974752427e-07,6.317729791226876e-07,1.8411350917627758e-09,0.009999999999999875,0.0007901149304959142
99,-500.0,1.6891505643330054e-05,0.002,9.999999974752427e-07,6.317729791226876e-07,1.8411350917627758e-09,0.009999999999999875,0.0007901149304959142
100,-500.0,1.6891505643330054e-05,0.002,9.999999974752427e-07,6.317729791226876e-07,1.8411350917627758e-09,0.009999999999999875,0.0007901149304959142
101,-500.0,1.6891505643330054e-05,0.002,9.999999974752427e-07,6.317729791226876e-07,1.8411350917627758e-09,0.009999999999999875,0.0007901149304959142
102,-500.0,1.6891505643330054e-05,0.002,9.999999974752427e-07,6.317729791226876e-07,1.8411350917627758e-09,0.009999999999999875,0.0007901149304959142
103,-500.0,1.6891505643330054e-05,0.002,9.999999974752427e-07,6.317729791226876e-07,1.8411350917627758e-09,0.009999999999999875,0.0007901149304959142
104,-500.0,1.6891505643330054e-05,0.002,9.999999974752427e-07,6.317729791226876e-07,1.8411350917627758e-09,0.009999999999999875,0.0007901149304959142
105,-500.0,1.6891505643330054e-05,0.002,9.999999974752427e-07,6.317729791226876e-07,1.8411350917627758e-09,0.009999999999999875,0.0007901149304959142
106,-500.0,1.6891505643330054e-05,0.002,9.999999974752427e-07,6.317729791226876e-07,1.8411350917627758e-09,0.009999999999999875,0.0007901149304959142
107,-500.0,1.6891505643330054e-05,0.002,9.999999974752427e-07,6.317729791226876e-07,1.8411350917627758e-09,0.009999999999999875,0.0007901149304959142
108,-500.0,1.6891505643330054e-05,0.002,9.999999974752427e-07,6.317729791226876e-07,1.8411350917627758e-09,0.009999999999999875,0.0007901149304959142
109,-500.0,1.6891505643330054e-05,0.002,9.999999974752427e-07,6.317729791226876e-07,1.8411350917627758e-09,0.009999999999999875,0.0007901149304959142
110,-500.0,1.6891505643330054e-05,0.002,9.999999974752427e-07,6.317729791226876e-07,1.8411350917627758e-09,0.009999999999999875,0.0007901149304959142
111,-500.0,1.6891505643330054e-05,0.002,9.999999974752427e-07,6.317729791226876e-07,1.8411350917627758e-09,0.009999999999999875,0.0007901149304959142
112,-500.0,1.6891505643330054e-05,0.002,9.999999974752427e-07,6.317729791226876e-07,1.8411350917627758e-09,0.009999999999999875,0.0007901149304959142
113,-500.0,1.6891505643330054e-05,0.002,9.999999974752427e-07,6.317729791226876e-07,1.8411350917627758e-09,0.009999999999999875,0.0007901149304959142
114,-500.0,1.6891505643330054e-05,0.002,9.999999974752427e-07,6.317729791226876e-07,1.8411350917627758e-09,0.009999999999999875,0.0007901149304959142
115,-500.0,1.6891505643330054e-05,0.002,9.999999974752427e-07,6.317729791226876e-07,1.8411350917627758e-09,0.009999999999999875,0.0007901149304959142
116,-500.0,1.6891505643330054e-05,0.002,9.999999974752427e-07,6.317729791226876e-07,1.8411350917627758e-09,0.009999999999999875,0.0007901149304959142
117,-500.0,1.6891505643330054e-05,0.002,9.999999974752427e-07,6.317729791226876e-07,1.8411350917627758e-09,0.009999999999999875,0.0007901149304959142
118,-500.0,1.6891505643330054e-05,0.002,9.999999974752427e-07,6.317729791226876e-07,1.8411350917627758e-09,0.009999999999999875,0.0007901149304959142
119,-500.0,1.6891505643330054e-05,0.002,9.999999974752427e-07,6.317729791226876e-07,1.8411350917627758e-09,0.009999999999999875,0.0007901149304959142
120,-500.0,1.6891505643330054e-05,0.002,9.999999974752427e-07,6.317729791226876e-07,1.8411350917627758e-09,0.009999999999999875,0.0007901149304959142
121,-500.0,1.6891505643330054e-05,0.002,9.999999974752427e-07,6.317729791226876e-07,1.8411350917627758e-09,0.009999999999999875,0.0007901149304959142
122,-500.0,1.6891505643330054e-05,0.002,9.999999974752427e-07,6.317729791226876e-07,1.8411350917627758e-09,0.009999999999999875,0.0007901149304959142
123,-500.0,1.6891505643330054e-05,0.002,9.999999974752427e-07,6.317729791226876e-07,1.8411350917627758e-09,0.009999999999999875,0.0007901149304959142
124,-500.0,1.6891505643330054e-05,0.002,9.999999974752427e-07,6.317729791226876e-07,1.8411350917627758e-09,0.009999999999999875,0.0007901149304959142
125,-500.0,1.6891505643330054e-05,0.002,9.999999974752427e-07,6.317729791226876e-07,1.8411350917627758e-09,0.009999999999999875,0.0007901149304959142
126,-500.0,1.6891505643330054e-05,0.002,9.999999974752427e-07,6.317729791226876e-07,1.8411350917627758e-09,0.009999999999999875,0.0007901149304959142
127,-500.0,1.6891505643330054e-05,0.002,9.999999974752427e-07,6.317729791226876e-07,1.8411350917627758e-09,0.009999999999999875,0.0007901149304959142
128,-500.0,1.6891505643330054e-05,0.002,9.999999974752427e-07,6.317729791226876e-07,1.8411350917627758e-09,0.009999999999999875,0.0007901149304959142
129,-500.0,1.6891505643330054e-05,0.002,9.999999974752427e-07,6.317729791226876e-07,1.8411350917627758e-09,0.009999999999999875,0.0007901149304959142
130,-500.0,1.6891505643330054e-05,0.002,9.999999974752427e-07,6.317729791226876e-07,1.8411350917627758e-09,0.009999999999999875,0.0007901149304959142
131,-500.0,1.6891505643330054e-05,0.002,9.999999974752427e-07,6.317729791226876e-07,1.8411350917627758e-09,0.009999999999999875,0.0007901149304959142
132,-500.0,1.6891505643330054e-05,0.002,9.999999974752427e-07,6.317729791226876e-07,1.8411350917627758e-09,0.009999999999999875,0.0007901149304959142
133,-500.0,1.6891505643330054e-05,0.002,9.999999974752427e-07,6.317729791226876e-07,1.8411350917627758e-09,0.009999999999999875,0.0007901149304959142
134,-500.0,1.6891505643330054e-05,0.002,9.999999974752427e-07,6.317729791226876e-07,1.8411350917627758e-09,0.009999999999999875,0.0007901149304959142
135,-500.0,1.6891505643330054e-05,0.002,9.999999974752427e-07,6.317729791226876e-07,1.8411350917627758e-09,0.009999999999999875,0.0007901149304959142
136,-500.0,1.6891505643330054e-05,0.002,9.999999974752427e-07,6.317729791226876e-07,1.8411350917627758e-09,0.009999999999999875,0.0007901149304959142
137,-500.0,1.6891505643330054e-05,0.002,9.999999974752427e-07,6.317729791226876e-07,1.8411350917627758e-09,0.009999999999999875,0.0007901149304959142
138,-500.0,1.6891505643330054e-05,0.002,9.999999974752427e-07,6.317729791226876e-07,1.8411350917627758e-09,0.009999999999999875,0.0007901149304959142
139,-500.0,1.6891505643330054e-05,0.002,9.999999974752427e-07,6.317729791226876e-07,1.8411350917627758e-09,0.009999999999999875,0.0007901149304959142
140,-500.0,1.6891505643330054e-05,0.002,9.999999974752427e-07,6.317729791226876e-07,1.8411350917627758e-09,0.009999999999999875,0.0007901149304959142
141,-500.0,1.6891505643330054e-05,0.002,9.999999974752427e-07,6.317729791226876e-07,1.8411350917627758e-09,0.009999999999999875,0.0007901149304959142
142,-500.0,1.6891505643330054e-05,0.002,9.999999974752427e-07,6.317729791226876e-07,1.8411350917627758e-09,0.009999999999999875,0.0007901149304959142
143,-500.0,1.6891505643330054e-05,0.002,9.999999974752427e-07,6.317729791226876e-07,1.8411350917627758e-09,0.009999999999999875,0.0007901149304959142
144,-500.0,1.6891505643330054e-05,0.002,9.999999974752427e-07,6.317729791226876e-07,1.8411350917627758e-09,0.009999999999999875,0.0007901149304959142
145,-500.0,1.6891505643330054e-05,0.002,9.999999974752427e-07,6.317729791226876e-07,1.8411350917627758e-09,0.009999999999999875,0.0007901149304959142
146,-500.0,1.6891505643330054e-05,0.002,9.999999974752427e-07,6.317729791226876e-07,1.8411350917627758e-09,0.009999999999999875,0.0007901149304959142
147,-500.0,1.6891505643330054e-05,0.002,9.999999974752427e-07,6.317729791226876e-07,1.8411350917627758e-09,0.009999999999999875,0.0007901149304959142
148,-500.0,1.6891505643330054e-05,0.002,9.999999974752427e-07,6.317729791226876e-07,1.8411350917627758e-09,0.009999999999999875,0.0007901149304959142
149,-500.0,1.6891505643330054e-05,0.002,9.999999974752427e-07,6.317729791226876e-07,1.8411350917627758e-09,0.009999999999999875,0.0007901149304959142
150,-500.0,1.6891505643330054e-05,0.002,9.999999974752427e-07,6.317729791226876e-07,1.8411350917627758e-09,2.0,0.0007901149304959142
151,-500.0,1.6891505643330054e-05,0.002,9.999999974752427e-07,6.317729791226876e-07,1.8411350917627758e-09,2.0,0.0007901149304959142
152,-500.0,1.6891505643330054e-05,0.002,9.999999974752427e-07,6.317729791226876e-07,1.8411350917627758e-09,1.6019999999999839,0.0007901149304959142
153,-398.0,2.4418092221544338e-05,0.002,9.999999974752427e-07,6.298823399851648e-07,1.8505882874503894e-09,1.2040000000000048,0.0007877504384076154
154,-500.0,2.559072419646397e-50,0.002,9.999999974752427e-07,8.53571993033878e-06,4.135374246162579e-08,0.8059999999999967,0.0008284159431697823
155,-500.0,8.124339549780283e-06,0.002,9.999999974752427e-07,6.317729791226876e-07,1.8411350917627758e-09,0.4079999999999957,0.0007901149304959142
156,-500.0,1.55077550774791e-05,0.002,9.999999974752427e-07,6.317729791226876e-07,1.8411350917627758e-09,0.009999999999999875,0.0007901149304959142
157,-500.0,1.6673103755186145e-05,0.002,9.999999974752427e-07,6.317729791226876e-07,1.8411350917627758e-09,0.009999999999999875,0.0007901149304959142
158,-500.0,1.6857034557333643e-05,0.002,9.999999974752427e-07,6.317729791226876e-07,1.8411350917627758e-09,0.009999999999999875,0.0007901149304959142
159,-500.0,1.6886064958819757e-05,0.002,9.999999974752427e-07,6.317729791226876e-07,1.8411350917627758e-09,0.009999999999999875,0.0007901149304959142
160,-500.0,1.689064692225258e-05,0.002,9.999999974752427e-07,6.317729791226876e-07,1.8411350917627758e-09,0.009999999999999875,0.0007901149304959142
161,-500.0,1.6891370108565226e-05,0.002,9.999999974752427e-07,6.317729791226876e-07,1.8411350917627758e-09,0.009999999999999875,0.0007901149304959142
162,-500.0,1.689148425143218e-05,0.002,9.999999974752427e-07,6.317729791226876e-07,1.8411350917627758e-09,0.009999999999999875,0.0007901149304959142
163,-500.0,1.6891502266972077e-05,0.002,9.999999974752427e-07,6.317729791226876e-07,1.8411350917627758e-09,0.009999999999999875,0.0007901149304959142
164,-500.0,1.689150511042534e-05,0.002,9.999999974752427e-07,6.317729791226876e-07,1.8411350917627758e-09,0.009999999999999875,0.0007901149304959142
165,-500.0,1.689150555921934e-05,0.002,9.999999974752427e-07,6.317729791226876e-07,1.8411350917627758e-09,0.009999999999999875,0.0007901149304959142
166,-500.0,1.6891505630052366e-05,0.002,9.999999974752427e-07,6.317729791226876e-07,1.8411350917627758e-09,0.009999999999999875,0.0007901149304959142
167,-500.0,1.6891505641232323e-05,0.002,9.999999974752427e-07,6.317729791226876e-07,1.8411350917627758e-09,0.009999999999999875,0.0007901149304959142
168,-500.0,1.6891505642995497e-05,0.002,9.999999974752427e-07,6.317729791226876e-07,1.8411350917627758e-09,0.009999999999999875,0.0007901149304959142
169,-500.0,1.689150564327344e-05,0.002,9.999999974752427e-07,6.317729791226876e-07,1.8411350917627758e-09,0.009999999999999875,0.0007901149304959142
170,-500.0,1.689150564331502e-05,0.002,9.999999974752427e-07,6.317729791226876e-07,1.8411350917627758e-09,0.009999999999999875,0.0007901149304959142
171,-500.0,1.6891505643325914e-05,0.002,9.999999974752427e-07,6.317729791226876e-07,1.8411350917627758e-09,0.009999999999999875,0.0007901149304959142
172,-500.0,1.689150564332897e-05,0.002,9.999999974752427e-07,6.317729791226876e-07,1.8411350917627758e-09,0.009999999999999875,0.0007901149304959142
173,-500.0,1.6891505643330054e-05,0.002,9.999999974752427e-07,6.317729791226876e-07,1.8411350917627758e-09,0.009999999999999875,0.0007901149304959142
174,-500.0,1.6891505643330054e-05,0.002,9.999999974752427e-07,6.317729791226876e-07,1.8411350917627758e-09,0.009999999999999875,0.0007901149304959142
175,-500.0,1.6891505643330054e-05,0.002,9.999999974752427e-07,6.317729791226876e-07,1.8411350917627758e-09,0.009999999999999875,0.0007901149304959142
176,-500.0,1.6891505643330054e-05,0.002,9.999999974752427e-07,6.317729791226876e-07,1.8411350917627758e-09,0.009999999999999875,0.0007901149304959142
177,-500.0,1.6891505643330054e-05,0.002,9.999999974752427e-07,6.317729791226876e-07,1.8411350917627758e-09,0.009999999999999875,0.0007901149304959142
178,-500.0,1.6891505643330054e-05,0.002,9.999999974752427e-07,6.317729791226876e-07,1.8411350917627758e-09,0.009999999999999875,0.0007901149304959142
179,-500.0,1.6891505643330054e-05,0.002,9.999999974752427e-07,6.317729791226876e-07,1.8411350917627758e-09,0.009999999999999875,0.0007901149304959142
180,-500.0,1.6891505643330054e-05,0.002,9.999999974752427e-07,6.317729791226876e-07,1.8411350917627758e-09,0.009999999999999875,0.0007901149304959142
181,-500.0,1.6891505643330054e-05,0.002,9.999999974752427e-07,6.317729791226876e-07,1.8411350917627758e-09,0.009999999999999875,0.0007901149304959142
182,-500.0,1.6891505643330054e-05,0.002,9.999999974752427e-07,6.317729791226876e-07,1.8411350917627758e-09,0.009999999999999875,0.0007901149304959142
183,-500.0,1.6891505643330054e-05,0.002,9.999999974752427e-07,6.317729791226876e-07,1.8411350917627758e-09,0.009999999999999875,0.0007901149304959142
184,-500.0,1.6891505643330054e-05,0.002,9.999999974752427e-07,6.317729791226876e-07,1.8411350917627758e-09,0.009999999999999875,0.0007901149304959142
185,-500.0,1.6891505643330054e-05,0.002,9.999999974752427e-07,6.317729791226876e-07,1.8411350917627758e-09,0.009999999999999875,0.0007901149304959142
186,-500.0,1.6891505643330054e-05,0.002,9.999999974752427e-07,6.317729791226876e-07,1.8411350917627758e-09,0.009999999999999875,0.0007901149304959142
187,-500.0,1.6891505643330054e-05,0.002,9.999999974752427e-07,6.317729791226876e-07,1.8411350917627758e-09,0.009999999999999875,0.0007901149304959142
188,-500.0,1.6891505643330054e-05,0.002,9.999999974752427e-07,6.317729791226876e-07,1.8411350917627758e-09,0.009999999999999875,0.0007901149304959142
189,-500.0,1.6891505643330054e-05,0.002,9.999999974752427e-07,6.317729791226876e-07,1.8411350917627758e-09,0.009999999999999875,0.0007901149304959142
190,-500.0,1.6891505643330054e-05,0.002,9.999999974752427e-07,6.317729791226876e-07,1.8411350917627758e-09,0.009999999999999875,0.0007901149304959142
191,-500.0,1.6891505643330054e-05,0.002,9.999999974752427e-07,6.317729791226876e-07,1.8411350917627758e-09,0.009999999999999875,0.0007901149304959142
192,-500.0,1.6891505643330054e-05,0.002,9.999999974752427e-07,6.317729791226876e-07,1.8411350917627758e-09,0.009999999999999875,0.0007901149304959142
193,-500.0,1.6891505643330054e-05,0.002,9.999999974752427e-07,6.317729791226876e-07,1.8411350917627758e-09,0.009999999999999875,0.0007901149304959142
194,-500.0,1.6891505643330054e-05,0.002,9.999999974752427e-07,6.317729791226876e-07,1.8411350917627758e-09,0.009999999999999875,0.0007901149304959142
195,-500.0,1.6891505643330054e-05,0.002,9.999999974752427e-07,6.317729791226876e-07,1.8411350917627758e-09,0.009999999999999875,0.0007901149304959142
196,-500.0,1.6891505643330054e-05,0.002,9.999999974752427e-07,6.317729791226876e-07,1.8411350917627758e-09,0.009999999999999875,0.0007901149304959142
197,-500.0,1.6891505643330054e-05,0.002,9.999999974752427e-07,6.317729791226876e-07,1.8411350917627758e-09,0.009999999999999875,0.0007901149304959142
198,-500.0,1.6891505643330054e-05,0.002,9.999999974752427e-07,6.317729791226876e-07,1.8411350917627758e-09,0.009999999999999875,0.0007901149304959142
199,-500.0,1.6891505643330054e-05,0.002,9.999999974752427e-07,6.317729791226876e-07,1.8411350917627758e-09,0.009999999999999875,0.0007901149304959142
200,-500.0,1.6891505643330054e-05,0.002,9.999999974752427e-07,6.317729791226876e-07,1.8411350917627758e-09,0.009999999999999875,0.0007901149304959142
201,-500.0,1.6891505643330054e-05,0.002,9.999999974752427e-07,6.317729791226876e-07,1.8411350917627758e-09,0.009999999999999875,0.0007901149304959142
202,-500.0,1.6891505643330054e-05,0.002,9.999999974752427e-07,6.317729791226876e-07,1.8411350917627758e-09,0.009999999999999875,0.0007901149304959142
203,-500.0,1.6891505643330054e-05,0.002,9.999999974752427e-07,6.317729791226876e-07,1.8411350917627758e-09,0.009999999999999875,0.0007901149304959142
204,-500.0,1.6891505643330054e-05,0.002,9.999999974752427e-07,6.317729791226876e-07,1.8411350917627758e-09,0.009999999999999875,0.0007901149304959142
205,-500.0,1.6891505643330054e-05,0.002,9.999999974752427e-07,6.317729791226876e-07,1.8411350917627758e-09,0.009999999999999875,0.0007901149304959142
206,-500.0,1.6891505643330054e-05,0.002,9.999999974752427e-07,6.317729791226876e-07,1.8411350917627758e-09,0.009999999999999875,0.0007901149304959142
207,-500.0,1.6891505643330054e-05,0.002,9.999999974752427e-07,6.317729791226876e-07,1.8411350917627758e-09,0.009999999999999875,0.0007901149304959142
208,-500.0,1.6891505643330054e-05,0.002,9.999999974752427e-07,6.317729791226876e-07,1.8411350917627758e-09,0.009999999999999875,0.0007901149304959142
209,-500.0,1.6891505643330054e-05,0.002,9.999999974752427e-07,6.317729791226876e-07,1.8411350917627758e-09,0.009999999999999875,0.0007901149304959142
210,-500.0,1.6891505643330054e-05,0.002,9.999999974752427e-07,6.317729791226876e-07,1.8411350917627758e-09,0.009999999999999875,0.0007901149304959142
211,-500.0,1.6891505643330054e-05,0.002,9.999999974752427e-07,6.317729791226876e-07,1.8411350917627758e-09,0.009999999999999875,0.0007901149304959142
212,-500.0,1.6891505643330054e-05,0.002,9.999999974752427e-07,6.317729791226876e-07,1.8411350917627758e-09,0.009999999999999875,0.0007901149304959142
213,-500.0,1.6891505643330054e-05,0.002,9.999999974752427e-07,6.317729791226876e-07,1.8411350917627758e-09,0.009999999999999875,0.0007901149304959142
214,-500.0,1.6891505643330054e-05,0.002,9.999999974752427e-07,6.317729791226876e-07,1.8411350917627758e-09,0.009999999999999875,0.0007901149304959142
215,-500.0,1.6891505643330054e-05,0.002,9.999999974752427e-07,6.317729791226876e-07,1.8411350917627758e-09,0.009999999999999875,0.0007901149304959142
216,-500.0,1.6891505643330054e-05,0.002,9.999999974752427e-07,6.317729791226876e-07,1.8411350917627758e-09,0.009999999999999875,0.0007901149304959142
217,-500.0,1.6891505643330054e-05,0.002,9.999999974752427e-07,6.317729791226876e-07,1.8411350917627758e-09,0.009999999999999875,0.0007901149304959142
218,-500.0,1.6891505643330054e-05,0.002,9.999999974752427e-07,6.317729791226876e-07,1.8411350917627758e-09,0.009999999999999875,0.0007901149304959142
219,-500.0,1.6891505643330054e-05,0.002,9.999999974752427e-07,6.317729791226876e-07,1.8411350917627758e-09,0.009999999999999875,0.0007901149304959142
220,-500.0,1.6891505643330054e-05,0.002,9.999999974752427e-07,6.317729791226876e-07,1.8411350917627758e-09,0.009999999999999875,0.0007901149304959142
221,-500.0,1.6891505643330054e-05,0.002,9.999999974752427e-07,6.317729791226876e-07,1.8411350917627758e-09,0.009999999999999875,0.0007901149304959142
222,-500.0,1.6891505643330054e-05,0.002,9.999999974752427e-07,6.317729791226876e-07,1.8411350917627758e-09,0.009999999999999875,0.0007901149304959142
223,-500.0,1.6891505643330054e-05,0.002,9.999999974752427e-07,6.317729791226876e-07,1.8411350917627758e-09,0.009999999999999875,0.0007901149304959142
224,-500.0,1.6891505643330054e-05,0.002,9.999999974752427e-07,6.317729791226876e-07,1.8411350917627758e-09,0.009999999999999875,0.0007901149304959142
225,-500.0,1.6891505643330054e-05,0.002,9.999999974752427e-07,6.317729791226876e-07,1.8411350917627758e-09,0.009999999999999875,0.0007901149304959142
226,-500.0,1.6891505643330054e-05,0.002,9.999999974752427e-07,6.317729791226876e-07,1.8411350917627758e-09,0.009999999999999875,0.0007901149304959142
227,-500.0,1.6891505643330054e-05,0.002,9.999999974752427e-07,6.317729791226876e-07,1.8411350917627758e-09,0.009999999999999875,0.0007901149304959142
228,-500.0,1.6891505643330054e-05,0.002,9.999999974752427e-07,6.317729791226876e-07,1.8411350917627758e-09,0.009999999999999875,0.0007901149304959142
229,-500.0,1.6891505643330054e-05,0.002,9.999999974752427e-07,6.317729791226876e-07,1.8411350917627758e-09,0.009999999999999875,0.0007901149304959142
230,-500.0,1.6891505643330054e-05,0.002,9.999999974752427e-07,6.317729791226876e-07,1.8411350917627758e-09,0.009999999999999875,0.0007901149304959142
231,-500.0,1.6891505643330054e-05,0.002,9.999999974752427e-07,6.317729791226876e-07,1.8411350917627758e-09,0.009999999999999875,0.0007901149304959142
232,-500.0,1.6891505643330054e-05,0.002,9.999999974752427e-07,6.317729791226876e-07,1.8411350917627758e-09,0.009999999999999875,0.0007901149304959142
233,-500.0,1.6891505643330054e-05,0.002,9.999999974752427e-07,6.317729791226876e-07,1.8411350917627758e-09,0.009999999999999875,0.0007901149304959142
234,-500.0,1.6891505643330054e-05,0.002,9.999999974752427e-07,6.317729791226876e-07,1.8411350917627758e-09,0.009999999999999875,0.0007901149304959142
235,-500.0,1.6891505643330054e-05,0.002,9.999999974752427e-07,6.317729791226876e-07,1.8411350917627758e-09,0.009999999999999875,0.0007901149304959142
236,-500.0,1.6891505643330054e-05,0.002,9.999999974752427e-07,6.317729791226876e-07,1.8411350917627758e-09,0.009999999999999875,0.0007901149304959142
237,-500.0,1.6891505643330054e-05,0.002,9.999999974752427e-07,6.317729791226876e-07,1.8411350917627758e-09,0.009999999999999875,0.0007901149304959142
238,-500.0,1.6891505643330054e-05,0.002,9.999999974752427e-07,6.317729791226876e-07,1.8411350917627758e-09,0.009999999999999875,0.0007901149304959142
239,-500.0,1.6891505643330054e-05,0.002,9.999999974752427e-07,6.317729791226876e-07,1.8411350917627758e-09,0.009999999999999875,0.0007901149304959142
240,-500.0,1.6891505643330054e-05,0.002,9.999999974752427e-07,6.317729791226876e-07,1.8411350917627758e-09,0.009999999999999875,0.0007901149304959142
241,-500.0,1.6891505643330054e-05,0.002,9.999999974752427e-07,6.317729791226876e-07,1.8411350917627758e-09,0.009999999999999875,0.0007901149304959142
242,-500.0,1.6891505643330054e-05,0.002,9.999999974752427e-07,6.317729791226876e-07,1.8411350917627758e-09,0.009999999999999875,0.0007901149304959142
243,-500.0,1.6891505643330054e-05,0.002,9.999999974752427e-07,6.317729791226876e-07,1.8411350917627758e-09,0.009999999999999875,0.0007901149304959142
244,-500.0,1.6891505643330054e-05,0.002,9.999999974752427e-07,6.317729791226876e-07,1.8411350917627758e-09,0.009999999999999875,0.0007901149304959142
245,-500.0,1.6891505643330054e-05,0.002,9.999999974752427e-07,6.317729791226876e-07,1.8411350917627758e-09,0.009999999999999875,0.0007901149304959142
246,-500.0,1.6891505643330054e-05,0.002,9.999999974752427e-07,6.317729791226876e-07,1.8411350917627758e-09,0.009999999999999875,0.0007901149304959142
247,-500.0,1.6891505643330054e-05,0.002,9.999999974752427e-07,6.317729791226876e-07,1.8411350917627758e-09,0.009999999999999875,0.0007901149304959142
248,-496.0,1.707741474896425e-05,0.002,9.999999974752427e-07,6.317277627663289e-07,1.8413611735445694e-09,0.009999999999999875,0.0007900583815148053
249,-500.0,2.4646644640834227e-50,0.002,9.999999974752427e-07,8.53571993033878e-06,4.135374246162579e-08,0.009999999999999875,0.0008284159431697823
250,-500.0,7.94147341001396e-06,0.002,9.999999974752427e-07,6.317729791226876e-07,1.8411350917627758e-09,0.009999999999999875,0.0007901149304959142
251,-500.0,1.5478892715154142e-05,0.002,9.999999974752427e-07,6.317729791226876e-07,1.8411350917627758e-09,0.009999999999999875,0.0007901149304959142
252,-500.0,1.6668548313920035e-05,0.002,9.999999974752427e-07,6.317729791226876e-07,1.8411350917627758e-09,0.009999999999999875,0.0007901149304959142
253,-500.0,1.6856315557107838e-05,0.002,9.999999974752427e-07,6.317729791226876e-07,1.8411350917627758e-09,0.009999999999999875,0.0007901149304959142
254,-500.0,1.688595147665745e-05,0.002,9.999999974752427e-07,6.317729791226876e-07,1.8411350917627758e-09,0.009999999999999875,0.0007901149304959142
255,-500.0,1.689062901099384e-05,0.002,9.999999974752427e-07,6.317729791226876e-07,1.8411350917627758e-09,0.009999999999999875,0.0007901149304959142
256,-500.0,1.6891367281569048e-05,0.002,9.999999974752427e-07,6.317729791226876e-07,1.8411350917627758e-09,0.009999999999999875,0.0007901149304959142
257,-500.0,1.6891483805237857e-05,0.002,9.999999974752427e-07,6.317729791226876e-07,1.8411350917627758e-09,0.009999999999999875,0.0007901149304959142
258,-500.0,1.689150219654805e-05,0.002,9.999999974752427e-07,6.317729791226876e-07,1.8411350917627758e-09,0.009999999999999875,0.0007901149304959142
259,-500.0,1.6891505099312912e-05,0.002,9.999999974752427e-07,6.317729791226876e-07,1.8411350917627758e-09,0.009999999999999875,0.0007901149304959142
260,-500.0,1.6891505557460944e-05,0.002,9.999999974752427e-07,6.317729791226876e-07,1.8411350917627758e-09,0.009999999999999875,0.0007901149304959142
261,-500.0,1.689150562977374e-05,0.002,9.999999974752427e-07,6.317729791226876e-07,1.8411350917627758e-09,0.009999999999999875,0.0007901149304959142
262,-500.0,1.68915056411862e-05,0.002,9.999999974752427e-07,6.317729791226876e-07,1.8411350917627758e-09,0.009999999999999875,0.0007901149304959142
263,-500.0,1.6891505642990574e-05,0.002,9.999999974752427e-07,6.317729791226876e-07,1.8411350917627758e-09,0.009999999999999875,0.0007901149304959142
264,-500.0,1.6891505643272896e-05,0.002,9.999999974752427e-07,6.317729791226876e-07,1.8411350917627758e-09,0.009999999999999875,0.0007901149304959142
265,-500.0,1.689150564331502e-05,0.002,9.999999974752427e-07,6.317729791226876e-07,1.8411350917627758e-09,0.009999999999999875,0.0007901149304959142
266,-500.0,1.6891505643325914e-05,0.002,9.999999974752427e-07,6.317729791226876e-07,1.8411350917627758e-09,0.009999999999999875,0.0007901149304959142
267,-500.0,1.689150564332897e-05,0.002,9.999999974752427e-07,6.317729791226876e-07,1.8411350917627758e-09,0.009999999999999875,0.0007901149304959142
268,-500.0,1.6891505643330054e-05,0.002,9.999999974752427e-07,6.317729791226876e-07,1.8411350917627758e-09,0.009999999999999875,0.0007901149304959142
269,-500.0,1.6891505643330054e-05,0.002,9.999999974752427e-07,6.317729791226876e-07,1.8411350917627758e-09,0.009999999999999875,0.0007901149304959142
270,-500.0,1.6891505643330054e-05,0.002,9.999999974752427e-07,6.317729791226876e-07,1.8411350917627758e-09,0.009999999999999875,0.0007901149304959142
271,-500.0,1.6891505643330054e-05,0.002,9.999999974752427e-07,6.317729791226876e-07,1.8411350917627758e-09,0.009999999999999875,0.0007901149304959142
272,-500.0,1.6891505643330054e-05,0.002,9.999999974752427e-07,6.317729791226876e-07,1.8411350917627758e-09,0.009999999999999875,0.0007901149304959142
273,-500.0,1.6891505643330054e-05,0.002,9.999999974752427e-07,6.317729791226876e-07,1.8411350917627758e-09,0.009999999999999875,0.0007901149304959142
274,-500.0,1.6891505643330054e-05,0.002,9.999999974752427e-07,6.317729791226876e-07,1.8411350917627758e-09,0.009999999999999875,0.0007901149304959142
275,-500.0,1.6891505643330054e-05,0.002,9.999999974752427e-07,6.317729791226876e-07,1.8411350917627758e-09,0.009999999999999875,0.0007901149304959142
276,-500.0,1.6891505643330054e-05,0.002,9.999999974752427e-07,6.317729791226876e-07,1.8411350917627758e-09,0.009999999999999875,0.0007901149304959142
277,-500.0,1.6891505643330054e-05,0.002,9.999999974752427e-07,6.317729791226876e-07,1.8411350917627758e-09,0.009999999999999875,0.0007901149304959142
278,-500.0,1.6891505643330054e-05,0.002,9.999999974752427e-07,6.317729791226876e-07,1.8411350917627758e-09,0.009999999999999875,0.0007901149304959142
279,-500.0,1.6891505643330054e-05,0.002,9.999999974752427e-07,6.317729791226876e-07,1.8411350917627758e-09,0.009999999999999875,0.0007901149304959142
280,-500.0,1.6891505643330054e-05,0.002,9.999999974752427e-07,6.317729791226876e-07,1.8411350917627758e-09,0.009999999999999875,0.0007901149304959142
281,-500.0,1.6891505643330054e-05,0.002,9.999999974752427e-07,6.317729791226876e-07,1.8411350917627758e-09,0.009999999999999875,0.0007901149304959142
282,-500.0,1.6891505643330054e-05,0.002,9.999999974752427e-07,6.317729791226876e-07,1.8411350917627758e-09,0.009999999999999875,0.0007901149304959142
283,-500.0,1.6891505643330054e-05,0.002,9.999999974752427e-07,6.317729791226876e-07,1.8411350917627758e-09,0.009999999999999875,0.0007901149304959142
284,-500.0,1.6891505643330054e-05,0.002,9.999999974752427e-07,6.317729791226876e-07,1.8411350917627758e-09,0.009999999999999875,0.0007901149304959142
285,-457.0,1.9688881716045755e-05,0.002,9.999999974752427e-07,6.310867429557095e-07,1.8445662725976663e-09,0.009999999999999882,0.0007892567022093411
286,-500.0,2.498250363791367e-50,0.002,9.999999974752427e-07,8.53571993033878e-06,4.135374246162579e-08,0.009999999999999875,0.0008284159431697823
287,-500.0,8.006528561277514e-06,0.002,9.999999974752427e-07,6.317729791226876e-07,1.8411350917627758e-09,0.009999999999999875,0.0007901149304959142
288,-500.0,1.5489160582948435e-05,0.002,9.999999974752427e-07,6.317729791226876e-07,1.8411350917627758e-09,0.009999999999999875,0.0007901149304959142
289,-500.0,1.6670168925154766e-05,0.002,9.999999974752427e-07,6.317729791226876e-07,1.8411350917627758e-09,0.009999999999999875,0.0007901149304959142
290,-500.0,1.6856571343490757e-05,0.002,9.999999974752427e-07,6.317729791226876e-07,1.8411350917627758e-09,0.009999999999999875,0.0007901149304959142
291,-500.0,1.688599184825969e-05,0.002,9.999999974752427e-07,6.317729791226876e-07,1.8411350917627758e-09,0.009999999999999875,0.0007901149304959142
292,-500.0,1.689063538297482e-05,0.002,9.999999974752427e-07,6.317729791226876e-07,1.8411350917627758e-09,0.009999999999999875,0.0007901149304959142
293,-500.0,1.6891368287279042e-05,0.002,9.999999974752427e-07,6.317729791226876e-07,1.8411350917627758e-09,0.009999999999999875,0.0007901149304959142
294,-500.0,1.6891483963971354e-05,0.002,9.999999974752427e-07,6.317729791226876e-07,1.8411350917627758e-09,0.009999999999999875,0.0007901149304959142
295,-420.0,2.2534644451836786e-05,0.002,9.999999974752427e-07,6.303703543353145e-07,1.8481482156996412e-09,0.009999999999999891,0.0007883607643270381
296,-500.0,2.5348495255045494e-50,0.002,9.999999974752427e-07,8.53571993033878e-06,4.135374246162579e-08,0.009999999999999875,0.0008284159431697823
297,-500.0,8.077420334984625e-06,0.002,9.999999974752427e-07,6.317729791226876e-07,1.8411350917627758e-09,0.009999999999999875,0.0007901149304959142
298,-500.0,1.5500349663995618e-05,0.002,9.999999974752427e-07,6.317729791226876e-07,1.8411350917627758e-09,0.009999999999999875,0.0007901149304959142
299,-500.0,1.6671934934501396e-05,0.002,9.999999974752427e-07,6.317729791226876e-07,1.8411350917627758e-09,0.009999999999999875,0.0007901149304959142
300,-485.0,1.7740287485398547e-05,0.002,9.999999974752427e-07,6.315572517639627e-07,1.8422137285564e-09,0.009999999999999877,0.0007898451351537937
301,-500.0,2.4731896254297697e-50,0.002,9.999999974752427e-07,8.53571993033878e-06,4.135374246162579e-08,0.009999999999999875,0.0008284159431697823
302,-500.0,7.95798646060576e-06,0.002,9.999999974752427e-07,6.317729791226876e-07,1.8411350917627758e-09,0.009999999999999875,0.0007901149304959142
303,-500.0,1.5481499024065447e-05,0.002,9.999999974752427e-07,6.317729791226876e-07,1.8411350917627758e-09,0.009999999999999875,0.0007901149304959142
304,-500.0,1.6668959676200504e-05,0.002,9.999999974752427e-07,6.317729791226876e-07,1.8411350917627758e-09,0.009999999999999875,0.0007901149304959142
305,-500.0,1.685638048376593e-05,0.002,9.999999974752427e-07,6.317729791226876e-07,1.8411350917627758e-09,0.009999999999999875,0.0007901149304959142
306,-500.0,1.6885961724244843e-05,0.002,9.999999974752427e-07,6.317729791226876e-07,1.8411350917627758e-09,0.009999999999999875,0.0007901149304959142
307,-500.0,1.6890630628403487e-05,0.002,9.999999974752427e-07,6.317729791226876e-07,1.8411350917627758e-09,0.009999999999999875,0.0007901149304959142
308,-500.0,1.689136753685253e-05,0.002,9.999999974752427e-07,6.317729791226876e-07,1.8411350917627758e-09,0.009999999999999875,0.0007901149304959142
309,-500.0,1.6891483845529063e-05,0.002,9.999999974752427e-07,6.317729791226876e-07,1.8411350917627758e-09,0.009999999999999875,0.0007901149304959142
310,-500.0,1.689150220291065e-05,0.002,9.999999974752427e-07,6.317729791226876e-07,1.8411350917627758e-09,0.009999999999999875,0.0007901149304959142
311,-500.0,1.6891505100316964e-05,0.002,9.999999974752427e-07,6.317729791226876e-07,1.8411350917627758e-09,0.009999999999999875,0.0007901149304959142
312,-500.0,1.6891505557626285e-05,0.002,9.999999974752427e-07,6.317729791226876e-07,1.8411350917627758e-09,0.009999999999999875,0.0007901149304959142
313,-500.0,1.6891505629800282e-05,0.002,9.999999974752427e-07,6.317729791226876e-07,1.8411350917627758e-09,0.009999999999999875,0.0007901149304959142
314,-500.0,1.689150564119001e-05,0.002,9.999999974752427e-07,6.317729791226876e-07,1.8411350917627758e-09,0.009999999999999875,0.0007901149304959142
315,-500.0,1.6891505642990574e-05,0.002,9.999999974752427e-07,6.317729791226876e-07,1.8411350917627758e-09,0.009999999999999875,0.0007901149304959142
316,-500.0,1.6891505643272896e-05,0.002,9.999999974752427e-07,6.317729791226876e-07,1.8411350917627758e-09,0.009999999999999875,0.0007901149304959142
317,-500.0,1.689150564331502e-05,0.002,9.999999974752427e-07,6.317729791226876e-07,1.8411350917627758e-09,0.009999999999999875,0.0007901149304959142
318,-500.0,1.6891505643325914e-05,0.002,9.999999974752427e-07,6.317729791226876e-07,1.8411350917627758e-09,0.009999999999999875,0.0007901149304959142
319,-500.0,1.689150564332897e-05,0.002,9.999999974752427e-07,6.317729791226876e-07,1.8411350917627758e-09,0.009999999999999875,0.0007901149304959142
320,-500.0,1.6891505643330054e-05,0.002,9.999999974752427e-07,6.317729791226876e-07,1.8411350917627758e-09,0.009999999999999875,0.0007901149304959142
321,-500.0,1.6891505643330054e-05,0.002,9.999999974752427e-07,6.317729791226876e-07,1.8411350917627758e-09,0.009999999999999875,0.0007901149304959142
322,-500.0,1.6891505643330054e-05,0.002,9.999999974752427e-07,6.317729791226876e-07,1.8411350917627758e-09,0.009999999999999875,0.0007901149304959142
323,-500.0,1.6891505643330054e-05,0.002,9.999999974752427e-07,6.317729791226876e-07,1.8411350917627758e-09,0.009999999999999875,0.0007901149304959142
324,-500.0,1.6891505643330054e-05,0.002,9.999999974752427e-07,6.317729791226876e-07,1.8411350917627758e-09,0.009999999999999875,0.0007901149304959142
325,-500.0,1.6891505643330054e-05,0.002,9.999999974752427e-07,6.317729791226876e-07,1.8411350917627758e-09,0.009999999999999875,0.0007901149304959142
326,-500.0,1.6891505643330054e-05,0.002,9.999999974752427e-07,6.317729791226876e-07,1.8411350917627758e-09,0.009999999999999875,0.0007901149304959142
327,-500.0,1.6891505643330054e-05,0.002,9.999999974752427e-07,6.317729791226876e-07,1.8411350917627758e-09,0.009999999999999875,0.0007901149304959142
328,-500.0,1.6891505643330054e-05,0.002,9.999999974752427e-07,6.317729791226876e-07,1.8411350917627758e-09,0.009999999999999875,0.0007901149304959142
329,-500.0,1.6891505643330054e-05,0.002,9.999999974752427e-07,6.317729791226876e-07,1.8411350917627758e-09,0.009999999999999875,0.0007901149304959142
330,-500.0,1.6891505643330054e-05,0.002,9.999999974752427e-07,6.317729791226876e-07,1.8411350917627758e-09,0.009999999999999875,0.0007901149304959142
331,-500.0,1.6891505643330054e-05,0.002,9.999999974752427e-07,6.317729791226876e-07,1.8411350917627758e-09,0.009999999999999875,0.0007901149304959142
332,-500.0,1.6891505643330054e-05,0.002,9.999999974752427e-07,6.317729791226876e-07,1.8411350917627758e-09,0.009999999999999875,0.0007901149304959142
333,-500.0,1.6891505643330054e-05,0.002,9.999999974752427e-07,6.317729791226876e-07,1.8411350917627758e-09,0.009999999999999875,0.0007901149304959142
334,-500.0,1.6891505643330054e-05,0.002,9.999999974752427e-07,6.317729791226876e-07,1.8411350917627758e-09,0.009999999999999875,0.0007901149304959142
335,-500.0,1.6891505643330054e-05,0.002,9.999999974752427e-07,6.317729791226876e-07,1.8411350917627758e-09,0.009999999999999875,0.0007901149304959142
336,-500.0,1.6891505643330054e-05,0.002,9.999999974752427e-07,6.317729791226876e-07,1.8411350917627758e-09,0.009999999999999875,0.0007901149304959142
337,-500.0,1.6891505643330054e-05,0.002,9.999999974752427e-07,6.317729791226876e-07,1.8411350917627758e-09,0.009999999999999875,0.0007901149304959142
338,-500.0,1.6891505643330054e-05,0.002,9.999999974752427e-07,6.317729791226876e-07,1.8411350917627758e-09,0.009999999999999875,0.0007901149304959142
339,-500.0,1.6891505643330054e-05,0.002,9.999999974752427e-07,6.317729791226876e-07,1.8411350917627758e-09,0.009999999999999875,0.0007901149304959142
340,-500.0,1.6891505643330054e-05,0.002,9.999999974752427e-07,6.317729791226876e-07,1.8411350917627758e-09,0.009999999999999875,0.0007901149304959142
341,-500.0,1.6891505643330054e-05,0.002,9.999999974752427e-07,6.317729791226876e-07,1.8411350917627758e-09,0.009999999999999875,0.0007901149304959142
342,-500.0,1.6891505643330054e-05,0.002,9.999999974752427e-07,6.317729791226876e-07,1.8411350917627758e-09,0.009999999999999875,0.0007901149304959142
343,-500.0,1.6891505643330054e-05,0.002,9.999999974752427e-07,6.317729791226876e-07,1.8411350917627758e-09,0.009999999999999875,0.0007901149304959142
344,-500.0,1.6891505643330054e-05,0.002,9.999999974752427e-07,6.317729791226876e-07,1.8411350917627758e-09,0.009999999999999875,0.0007901149304959142
345,-500.0,1.6891505643330054e-05,0.002,9.999999974752427e-07,6.317729791226876e-07,1.8411350917627758e-09,0.009999999999999875,0.0007901149304959142
346,-500.0,1.6891505643330054e-05,0.002,9.999999974752427e-07,6.317729791226876e-07,1.8411350917627758e-09,0.009999999999999875,0.0007901149304959142
347,-500.0,1.6891505643330054e-05,0.002,9.999999974752427e-07,6.317729791226876e-07,1.8411350917627758e-09,0.009999999999999875,0.0007901149304959142
348,-500.0,1.6891505643330054e-05,0.002,9.999999974752427e-07,6.317729791226876e-07,1.8411350917627758e-09,0.009999999999999875,0.0007901149304959142
349,-500.0,1.6891505643330054e-05,0.002,9.999999974752427e-07,6.317729791226876e-07,1.8411350917627758e-09,0.009999999999999875,0.0007901149304959142
350,-500.0,1.6891505643330054e-05,0.002,9.999999974752427e-07,6.317729791226876e-07,1.8411350917627758e-09,0.009999999999999875,0.0007901149304959142
351,-500.0,1.6891505643330054e-05,0.002,9.999999974752427e-07,6.317729791226876e-07,1.8411350917627758e-09,0.009999999999999875,0.0007901149304959142
352,-500.0,1.6891505643330054e-05,0.002,9.999999974752427e-07,6.317729791226876e-07,1.8411350917627758e-09,0.009999999999999875,0.0007901149304959142
353,-500.0,1.6891505643330054e-05,0.002,9.999999974752427e-07,6.317729791226876e-07,1.8411350917627758e-09,0.009999999999999875,0.0007901149304959142
354,-500.0,1.6891505643330054e-05,0.002,9.999999974752427e-07,6.317729791226876e-07,1.8411350917627758e-09,0.009999999999999875,0.0007901149304959142
355,-500.0,1.6891505643330054e-05,0.002,9.999999974752427e-07,6.317729791226876e-07,1.8411350917627758e-09,0.009999999999999875,0.0007901149304959142
356,-500.0,1.6891505643330054e-05,0.002,9.999999974752427e-07,6.317729791226876e-07,1.8411350917627758e-09,0.009999999999999875,0.0007901149304959142
357,-500.0,1.6891505643330054e-05,0.002,9.999999974752427e-07,6.317729791226876e-07,1.8411350917627758e-09,0.009999999999999875,0.0007901149304959142
358,-500.0,1.6891505643330054e-05,0.002,9.999999974752427e-07,6.317729791226876e-07,1.8411350917627758e-09,0.009999999999999875,0.0007901149304959142
359,-500.0,1.6891505643330054e-05,0.002,9.999999974752427e-07,6.317729791226876e-07,1.8411350917627758e-09,0.009999999999999875,0.0007901149304959142
360,-500.0,1.6891505643330054e-05,0.002,9.999999974752427e-07,6.317729791226876e-07,1.8411350917627758e-09,0.009999999999999875,0.0007901149304959142
361,-500.0,1.6891505643330054e-05,0.002,9.999999974752427e-07,6.317729791226876e-07,1.8411350917627758e-09,0.009999999999999875,0.0007901149304959142
362,-500.0,1.6891505643330054e-05,0.002,9.999999974752427e-07,6.317729791226876e-07,1.8411350917627758e-09,0.009999999999999875,0.0007901149304959142
363,-500.0,1.6891505643330054e-05,0.002,9.999999974752427e-07,6.317729791226876e-07,1.8411350917627758e-09,0.009999999999999875,0.0007901149304959142
364,-500.0,1.6891505643330054e-05,0.002,9.999999974752427e-07,6.317729791226876e-07,1.8411350917627758e-09,0.009999999999999875,0.0007901149304959142
365,-500.0,1.6891505643330054e-05,0.002,9.999999974752427e-07,6.317729791226876e-07,1.8411350917627758e-09,0.009999999999999875,0.0007901149304959142
366,-500.0,1.6891505643330054e-05,0.002,9.999999974752427e-07,6.317729791226876e-07,1.8411350917627758e-09,0.009999999999999875,0.0007901149304959142
367,-500.0,1.6891505643330054e-05,0.002,9.999999974752427e-07,6.317729791226876e-07,1.8411350917627758e-09,0.009999999999999875,0.0007901149304959142
368,-500.0,1.6891505643330054e-05,0.002,9.999999974752427e-07,6.317729791226876e-07,1.8411350917627758e-09,0.009999999999999875,0.0007901149304959142
369,-500.0,1.6891505643330054e-05,0.002,9.999999974752427e-07,6.317729791226876e-07,1.8411350917627758e-09,0.009999999999999875,0.0007901149304959142
370,-500.0,1.6891505643330054e-05,0.002,9.999999974752427e-07,6.317729791226876e-07,1.8411350917627758e-09,0.009999999999999875,0.0007901149304959142
371,-500.0,1.6891505643330054e-05,0.002,9.999999974752427e-07,6.317729791226876e-07,1.8411350917627758e-09,0.009999999999999875,0.0007901149304959142
372,-500.0,1.6891505643330054e-05,0.002,9.999999974752427e-07,6.317729791226876e-07,1.8411350917627758e-09,0.009999999999999875,0.0007901149304959142
373,-500.0,1.6891505643330054e-05,0.002,9.999999974752427e-07,6.317729791226876e-07,1.8411350917627758e-09,0.009999999999999875,0.0007901149304959142
374,-500.0,1.6891505643330054e-05,0.002,9.999999974752427e-07,6.317729791226876e-07,1.8411350917627758e-09,0.009999999999999875,0.0007901149304959142
375,-500.0,1.6891505643330054e-05,0.002,9.999999974752427e-07,6.317729791226876e-07,1.8411350917627758e-09,0.009999999999999875,0.0007901149304959142
376,-500.0,1.6891505643330054e-05,0.002,9.999999974752427e-07,6.317729791226876e-07,1.8411350917627758e-09,0.009999999999999875,0.0007901149304959142
377,-500.0,1.6891505643330054e-05,0.002,9.999999974752427e-07,6.317729791226876e-07,1.8411350917627758e-09,0.009999999999999875,0.0007901149304959142
378,-500.0,1.6891505643330054e-05,0.002,9.999999974752427e-07,6.317729791226876e-07,1.8411350917627758e-09,0.009999999999999875,0.0007901149304959142
379,-500.0,1.6891505643330054e-05,0.002,9.999999974752427e-07,6.317729791226876e-07,1.8411350917627758e-09,0.009999999999999875,0.0007901149304959142
380,-500.0,1.6891505643330054e-05,0.002,9.999999974752427e-07,6.317729791226876e-07,1.8411350917627758e-09,0.009999999999999875,0.0007901149304959142
381,-500.0,1.6891505643330054e-05,0.002,9.999999974752427e-07,6.317729791226876e-07,1.8411350917627758e-09,0.009999999999999875,0.0007901149304959142
382,-500.0,1.6891505643330054e-05,0.002,9.999999974752427e-07,6.317729791226876e-07,1.8411350917627758e-09,0.009999999999999875,0.0007901149304959142
383,-500.0,1.6891505643330054e-05,0.002,9.999999974752427e-07,6.317729791226876e-07,1.8411350917627758e-09,0.009999999999999875,0.0007901149304959142
384,-500.0,1.6891505643330054e-05,0.002,9.999999974752427e-07,6.317729791226876e-07,1.8411350917627758e-09,0.009999999999999875,0.0007901149304959142
385,-500.0,1.6891505643330054e-05,0.002,9.999999974752427e-07,6.317729791226876e-07,1.8411350917627758e-09,0.009999999999999875,0.0007901149304959142
386,-500.0,1.6891505643330054e-05,0.002,9.999999974752427e-07,6.317729791226876e-07,1.8411350917627758e-09,0.009999999999999875,0.0007901149304959142
387,-500.0,1.6891505643330054e-05,0.002,9.999999974752427e-07,6.317729791226876e-07,1.8411350917627758e-09,0.009999999999999875,0.0007901149304959142
388,-500.0,1.6891505643330054e-05,0.002,9.999999974752427e-07,6.317729791226876e-07,1.8411350917627758e-09,0.009999999999999875,0.0007901149304959142
389,-500.0,1.6891505643330054e-05,0.002,9.999999974752427e-07,6.317729791226876e-07,1.8411350917627758e-09,0.009999999999999875,0.0007901149304959142
390,-500.0,1.6891505643330054e-05,0.002,9.999999974752427e-07,6.317729791226876e-07,1.8411350917627758e-09,0.009999999999999875,0.0007901149304959142
391,-500.0,1.6891505643330054e-05,0.002,9.999999974752427e-07,6.317729791226876e-07,1.8411350917627758e-09,0.009999999999999875,0.0007901149304959142
392,-500.0,1.6891505643330054e-05,0.002,9.999999974752427e-07,6.317729791226876e-07,1.8411350917627758e-09,0.009999999999999875,0.0007901149304959142
393,-500.0,1.6891505643330054e-05,0.002,9.999999974752427e-07,6.317729791226876e-07,1.8411350917627758e-09,0.009999999999999875,0.0007901149304959142
394,-500.0,1.6891505643330054e-05,0.002,9.999999974752427e-07,6.317729791226876e-07,1.8411350917627758e-09,0.009999999999999875,0.0007901149304959142
395,-500.0,1.6891505643330054e-05,0.002,9.999999974752427e-07,6.317729791226876e-07,1.8411350917627758e-09,0.009999999999999875,0.0007901149304959142
396,-500.0,1.6891505643330054e-05,0.002,9.999999974752427e-07,6.317729791226876e-07,1.8411350917627758e-09,0.009999999999999875,0.0007901149304959142
397,-500.0,1.6891505643330054e-05,0.002,9.999999974752427e-07,6.317729791226876e-07,1.8411350917627758e-09,0.009999999999999875,0.0007901149304959142
398,-500.0,1.6891505643330054e-05,0.002,9.999999974752427e-07,6.317729791226876e-07,1.8411350917627758e-09,0.009999999999999875,0.0007901149304959142
399,-500.0,1.6891505643330054e-05,0.002,9.999999974752427e-07,6.317729791226876e-07,1.8411350917627758e-09,0.009999999999999875,0.0007901149304959142
